Workbook

Sheet UG_NBT y2569-2571
A1: 0.95 | B1: 0.15 | F1: =G1*9650*12 -> 1.1128496e+08 | G1: =SUBTOTAL(9,G4:G201) -> 961.01 | L1: =SUBTOTAL(3,L4:L201) -> 172 | M1: =SUBTOTAL(3,M4:M201) -> 172 | N1: =SUBTOTAL(3,N4:N201) -> 172 | O1: =SUBTOTAL(9,O4:O201) -> 96426913 | P1: =SUBTOTAL(9,P4:P201) -> 50705470 | Q1: =SUBTOTAL(9,Q4:Q201) -> 0 | T1: =SUBTOTAL(3,T4:T201) -> 172 | U1: =SUBTOTAL(9,U4:U201) -> 633.9275 | V1: =SUBTOTAL(9,V4:V201) -> 182.9275 | W1: =SUBTOTAL(9,W4:W201) -> 814.355 | X1: =SUBTOTAL(3,X4:X201) -> 172 | Y1: =SUBTOTAL(3,Y4:Y201) -> 172
R2: Design | S2: Design | T2: Design | U2: Design | V2: Design | X2: Design | Y2: Design
A3: ลำดับ | B3: พื้นที่ | C3: จังหวัด | D3: หักเสา | E3: รหัสเส้นทาง | F3: เส้นทาง | G3: ระยะท่อ (กม.) | H3: UIH SC | I3: Year plan | J3: แผนท่อเสร็จ | K3: เริ่มตัด | L3: Status UIH | M3: Solution (plan) | N3: Fiber Sharing | O3: CAPEX (estimate) | P3: OPEX/year (estimate) | Q3: Budget of work | R3: พิกัดต้นทาง | S3: พิกัดปลายทาง | T3: OFC Type (A+B) | U3: (A)ระยะลงท่อ (km) | V3: (B) ระยะบนเสาไฟฟ้า (km) | W3: (A)+(B) ระยะรวม (km) | X3: ปีที่ใช้งบประมาณ | Y3: ไตรมาสที่ใช้งบประมาณ
A4: 1 | B4: กรุงเทพมหานครและปริมณฑล | C4: กรุงเทพมหานคร | D4: หักเสาไฟฟ้า | E4: UG66/MSN/0005 | F4: ถนนอังรีดูนังด์(พระรามที่ 1 -พระรามที่ 4) | G4: 3.6 | H4: BKK4 | I4: 2569 | J4: เสร็จแล้ว | K4: ตัดแล้ว | L4: Done | M4: ลงใต้ดิน | N4: yes | O4: 574206 | P4: 185280 | Q4: Approved | R4: 13.730941310301457, 100.53364854197581 | S4: 13.745285309076259, 100.53588236120147 | T4: 144C | U4: 3.42 | V4: 0.54 | W4: =U4+V4 -> 3.96 | X4: 2568 | Y4: Q3
A5: 2 | B5: กรุงเทพมหานครและปริมณฑล | C5: กรุงเทพมหานคร | D5: หักเสาไฟฟ้า | E5: UG66/MSN/0001 | F5: ถนนจรัญสนิทวงศ์ ช่วงที่ 2 (แยกบางพลัด - ถนนบรมราชชนนี) | G5: 3.7 | H5: BKK1 | I5: 2569 | J5: 45658 | K5: 46081 | L5: Done | M5: ลงใต้ดิน | N5: yes | O5: 920982.58 | P5: 495000 | Q5: Approved | R5: 13.784568460507492, 100.49439125627126 | S5: 13.773351404499168, 100.48190426894638 | T5: 144C | U5: 3.515 | V5: 0.555 | W5: =U5+V5 -> 4.07 | X5: 2568 | Y5: Q4
A6: 3 | B6: กรุงเทพมหานครและปริมณฑล | C6: กรุงเทพมหานคร | D6: ไม่หักเสาไฟฟ้า | E6: UG66/OTH/0018 | F6: ถนนเยาวราช โซนที่ 5 (2 ฝั่งถนน) (ถนนทรงสวัสดิ์ - ซุ้มประตูเฉลิมพระเกียรติ 6 รอบพระชนมพรรษา) | G6: 0.6 | H6: BKK4 | I6: 2569 | J6: 45716 | K6: 46064 | L6: Done | M6: ลงใต้ดิน | N6: yes | O6: 126596.98 | P6: 36775.272 | Q6: Approved | R6: 13.739407567111556, 100.51147056044779 | S6: 13.737353625608659, 100.51294350981958 | T6: 60C | U6: 0.57 | V6: 0.09 | W6: =U6+V6 -> 0.66 | X6: 2568 | Y6: Q4
A7: 4 | B7: กรุงเทพมหานครและปริมณฑล | C7: กรุงเทพมหานคร | D7: หักเสาไฟฟ้า | E7: UG68/MSN/0004 | F7: ถนนประชาราษฎร์ สาย 2 (2 ฝั่งถนน) (แยกบางโพ - แม่น้ำเจ้าพระยา) | G7: 0.5 | H7: BKK2 | I7: 2569 | J7: 45808 | K7: 46091 | L7: Done | M7: ลงใต้ดิน | N7: yes | O7: 28750 | P7: 14036.364 | Q7: Approved | R7: 13.80636889371856, 100.52158110006106 | S7: 13.806316740574633, 100.51924673175483 | T7: 60C | U7: 0.475 | V7: 0.075 | W7: =U7+V7 -> 0.55 | X7: 2569 | Y7: Q2
A8: 5 | B8: กรุงเทพมหานครและปริมณฑล | C8: กรุงเทพมหานคร | D8: หักเสาไฟฟ้า | E8: UG67/MSN/0001 | F8: ถนนประชาราษฎร์ สาย 2 (2 ฝั่งถนน) (แยกประชาชื่น - แยกบางโพ) | G8: 2.8 | H8: BKK2 | I8: 2569 | J8: 45808 | K8: 46077 | L8: Done | M8: ลงใต้ดิน | N8: yes | O8: 161000 | P8: 78603.636 | Q8: Approved | R8: 13.805650769000955, 100.5332038528518 | S8: 13.80636889371856, 100.52158110006106 | T8: 60C | U8: 2.66 | V8: 0.42 | W8: =U8+V8 -> 3.08 | X8: 2569 | Y8: Q2
A9: 6 | B9: กรุงเทพมหานครและปริมณฑล | C9: กรุงเทพมหานคร | D9: หักเสาไฟฟ้า | E9: UG66/MSN/0003 | F9: ถนนจรัญสนิทวงศ์ ช่วงที่ 2 (2 ฝั่งถนน) (ถนนบรมราชชนนี - ถนนสุทธาวาส) | G9: 3 | H9: BKK1 | I9: 2569 | J9: 45658 | K9: 46111 | L9: Done | M9: ลงใต้ดิน | N9: yes | O9: 637974.77 | P9: 313671.84 | Q9: Approved | R9: 13.773351404499168, 100.48190426894638 | S9: 13.762829108215561, 100.47280943699901 | T9: 60C | U9: 2.85 | V9: 0.45 | W9: =U9+V9 -> 3.3 | X9: 2568 | Y9: Q1
A10: 7 | B10: กรุงเทพมหานครและปริมณฑล | C10: กรุงเทพมหานคร | D10: ไม่หักเสาไฟฟ้า | E10: UG65/OTH/0001 | F10: ถนนมหาราช (2 ฝั่งถนน) (ถนนหน้าพระลาน - ถนนพระจันทร์) | G10: 1 | H10: BKK4 | I10: 2569 | J10: 45716 | K10: 46112 | L10: n/a | M10: ไม่มีโครงข่าย | N10: no | O10: 0 | P10: 0 | Q10: n/a | R10: 13.752349559081285, 100.48952032574502 | S10: 13.756307989636536, 100.48963246494628 | T10: n/a | U10: 0 | V10: 0 | W10: =U10+V10 -> 0 | X10: n/a | Y10: n/a
A11: 8 | B11: กรุงเทพมหานครและปริมณฑล | C11: กรุงเทพมหานคร | D11: ไม่หักเสาไฟฟ้า | E11: UG66/OTH/0013 | F11: ถนนดินสอ (2 ฝั่งถนน) (ถนนราชดำเนินกลาง - ถนนบำรุงเมือง) | G11: 1 | H11: BKK4 | I11: 2569 | J11: 45716 | K11: 46112 | L11: n/a | M11: ไม่มีโครงข่าย | N11: no | O11: 0 | P11: 0 | Q11: n/a | R11: 13.756336780416937, 100.50172473113246 | S11: 13.751996814090212, 100.50091911156224 | T11: n/a | U11: 0 | V11: 0 | W11: =U11+V11 -> 0 | X11: n/a | Y11: n/a
A12: 9 | B12: กรุงเทพมหานครและปริมณฑล | C12: กรุงเทพมหานคร | D12: ไม่หักเสาไฟฟ้า | E12: UG67/OTH/0007 | F12: ถนนพระจันทร์ (2 ฝั่งถนน) (ถนนมหาราช - ถนนหน้าพระธาตุ) | G12: 0.6 | H12: BKK4 | I12: 2569 | J12: 45716 | K12: 46112 | L12: n/a | M12: ไม่มีโครงข่าย | N12: no | O12: 0 | P12: 0 | Q12: n/a | R12: 13.756315478100502, 100.48962466125836 | S12: 13.755464330915798, 100.49212710949539 | T12: n/a | U12: 0 | V12: 0 | W12: =U12+V12 -> 0 | X12: n/a | Y12: n/a
A13: 10 | B13: กรุงเทพมหานครและปริมณฑล | C13: กรุงเทพมหานคร | D13: ไม่หักเสาไฟฟ้า | E13: UG67/OTH/0008 | F13: ถนนศิริพงษ์ (รอบศาลาว่าการ กทม.) (1 ฝั่งถนน) (ถนนดินสอ - ถนนบำรุงเมือง) | G13: 0.4 | H13: BKK4 | I13: 2569 | J13: 45716 | K13: 46112 | L13: Done | M13: Re-route | N13: no | O13: 32500 | P13: 11580 | Q13: Approved | R13: 13.754652717659106, 100.50137705611867 | S13: 13.751914974521213, 100.50199713785821 | T13: 12C | U13: 0.38 | V13: 0.06 | W13: =U13+V13 -> 0.44 | X13: 2568 | Y13: Q4
A14: 11 | B14: กรุงเทพมหานครและปริมณฑล | C14: กรุงเทพมหานคร | D14: ไม่หักเสาไฟฟ้า | E14: UG66/OTH/0017 | F14: ถนนเยาวราช โซนที่ 4 ฝั่งใต้ (1 ฝั่งถนน) (ถนนราชวงศ์ - ถนนทรงสวัสดิ์) | G14: 0.6 | H14: BKK4 | I14: 2569 | J14: 45716 | K14: 46064 | L14: Onprocess | M14: ลงใต้ดิน | N14: yes | O14: 126596.98 | P14: 36775.272 | Q14: Approved | R14: 13.742290754376612, 100.50694991095189 | S14: 13.739396707790819, 100.5113779307246 | T14: 60C | U14: 0.57 | V14: 0.09 | W14: =U14+V14 -> 0.66 | X14: 2568 | Y14: Q4
A15: 12 | B15: กรุงเทพมหานครและปริมณฑล | C15: กรุงเทพมหานคร | D15: หักเสาไฟฟ้า | E15: UG67/MSN/0005 | F15: ถนนลาดพร้าว ช่วงที่ 2 (2 ฝั่งถนน) (ถนนรัชดาภิเษก - ถนนประดิษฐมนูธรรม) | G15: 8.4 | H15: BKK2 | I15: 2569 | J15: 45961 | K15: 46142 | L15: Done | M15: ลงใต้ดิน | N15: yes | O15: 875435.26 | P15: 296626.15 | Q15: Approved | R15: 13.805411917542347, 100.57495144377492 | S15: 13.786437316477445, 100.60875437077863 | T15: 144C | U15: 7.98 | V15: 1.26 | W15: =U15+V15 -> 9.24 | X15: 2568 | Y15: Q4
A16: 13 | B16: กรุงเทพมหานครและปริมณฑล | C16: กรุงเทพมหานคร | D16: ไม่หักเสาไฟฟ้า | E16: UG66/OTH/0015 | F16: ถนนเยาวราช โซนที่ 2 ฝั่งเหนือ (1 ฝั่งถนน) (ถบนราชวงศ์ - ถนนทรงสวัสดิ์) | G16: 0.6 | H16: BKK4 | I16: 2569 | J16: 45716 | K16: 46064 | L16: Onprocess | M16: ลงใต้ดิน | N16: yes | O16: 126596.98 | P16: 36775.272 | Q16: Approved | R16: 13.742351981932222, 100.50699483795309 | S16: 13.739483313274192, 100.51143472095434 | T16: 60C | U16: 0.57 | V16: 0.09 | W16: =U16+V16 -> 0.66 | X16: 2568 | Y16: Q4
A17: 14 | B17: กรุงเทพมหานครและปริมณฑล | C17: กรุงเทพมหานคร | D17: หักเสาไฟฟ้า | E17: UG67/OTH/0003 | F17: ถนนวิทยุ ช่วงที่ 2 (2 ฝั่งถนน) (ถนนเพลินจิต - ถนนเพชรบุรี) | G17: 1.6 | H17: BKK4 | I17: 2569 | J17: 45838 | K17: 46173 | L17: Onprocess | M17: ลงใต้ดิน | N17: yes | O17: 166500 | P17: 86850 | Q17: Approved | R17: 13.743321627022501, 100.54756286403692 | S17: 13.749692752378785, 100.54859664430262 | T17: 144C | U17: 1.52 | V17: 0.24 | W17: =U17+V17 -> 1.76 | X17: 2569 | Y17: Q2
A18: 15 | B18: กรุงเทพมหานครและปริมณฑล | C18: กรุงเทพมหานคร | D18: หักเสาไฟฟ้า | E18: UG65/NTC/0010 | F18: ถนนพระราม 4 ช่วงที่ 2 (2 ฝั่งถนน) (สามย่านมิตรทาวน์ - แยกคลองเตย) | G18: 7.2 | H18: BKK4 | I18: 2569 | J18: 46081 | K18: 46181 | L18: Done | M18: ลงใต้ดิน | N18: no | O18: 5051985.3 | P18: 2417417.1 | Q18: Approved | R18: 13.733353800169416, 100.52750043205424 | S18: 13.720229321195605, 100.55906312982408 | T18: 144C | U18: 6.84 | V18: 1.08 | W18: =U18+V18 -> 7.92 | X18: 2567 | Y18: Q2
A19: 16 | B19: กรุงเทพมหานครและปริมณฑล | C19: กรุงเทพมหานคร | D19: หักเสาไฟฟ้า | E19: UG66/MSN/0002 | F19: ถนนจรัญสนิทวงศ์ ช่วงที่ 2 (2 ฝั่งอนน) (ถนนสุทธาวาส - ถนนพรานนก) | G19: 2 | H19: BKK1 | I19: 2569 | J19: 45658 | K19: 46203 | L19: Onprocess | M19: ลงใต้ดิน | N19: yes | O19: 425316.52 | P19: 209114.56 | Q19: Approved | R19: 13.762829108215561, 100.47280943699901 | S19: 13.754866084753044, 100.46941322132035 | T19: 60C | U19: 1.9 | V19: 0.3 | W19: =U19+V19 -> 2.2 | X19: 2568 | Y19: Q1
A20: 17 | B20: กรุงเทพมหานครและปริมณฑล | C20: กรุงเทพมหานคร | D20: ไม่หักเสาไฟฟ้า | E20: UG66/OTH/0016 | F20: ถนนเยาวราช โซนที่ 3 ฝั่งใต้ (1 ฝั่งถนน) (ถนนราชวงศ์ - ถนนจักรวรรดิ) | G20: 0.3 | H20: BKK4 | I20: 2569 | J20: 45716 | K20: 46064 | L20: Done | M20: ลงใต้ดิน | N20: yes | O20: 63298.49 | P20: 18387.636 | Q20: Approved | R20: 13.74235530894268, 100.5069216699699 | S20: 13.744095165929302, 100.50446746701284 | T20: 60C | U20: 0.285 | V20: 0.045 | W20: =U20+V20 -> 0.33 | X20: 2568 | Y20: Q4
A21: 18 | B21: กรุงเทพมหานครและปริมณฑล | C21: กรุงเทพมหานคร | D21: หักเสาไฟฟ้า | E21: UG68/OTH/0007 | F21: ถนนพระราม 9 ช่วงที่ 1 (2 ฝั่งถนน) (แยกถนนรัชดาภิเษก - คลองชวดใหญ่) | G21: 3.6 | H21: BKK3 | I21: 2569 | J21: 46081 | K21: 46229 | L21: Onprocess | M21: ลงใต้ดิน | N21: yes (Jastel) | O21: 822500 | P21: 405300 | Q21: Approved | R21: 13.75605722785821, 100.5649928410609 | S21: 13.754864464443239, 100.58105671390848 | T21: 144C | U21: 3.42 | V21: 0.54 | W21: =U21+V21 -> 3.96 | X21: 2569 | Y21: Q3
A22: 19 | B22: กรุงเทพมหานครและปริมณฑล | C22: นนทบุรี | D22: ไม่หักเสาไฟฟ้า | E22: UG65/OTH/0013 | F22: ถนนศรีสมาน (2 ฝั่งถนน) (แยกสวนสมเด็จพระศรีนครินทร์ - ถนนเลียบคลองประปา) | G22: 5.2 | H22: BKK2 | I22: 2569 | J22: 46173 | K22: 46234 | L22: Done | M22: ลงใต้ดิน | N22: yes | O22: 609637.44 | P22: 299150 | Q22: Approved | R22: 13.940560347819595, 100.54209283026739 | S22: 13.934430157181419, 100.56354359702038 | T22: 144C | U22: 4.94 | V22: 0.78 | W22: =U22+V22 -> 5.72 | X22: 2568 | Y22: Q4
A23: 20 | B23: กรุงเทพมหานครและปริมณฑล | C23: กรุงเทพมหานคร | D23: ไม่หักเสาไฟฟ้า | E23: UG66/OTH/0014 | F23: ถนนเยาวราช โซนที่ 1 ฝั่งเหนือ (1 ฝั่งถนน) (ถนนราชวงศ์ - ถนนจักรวรรดิ) | G23: 0.35 | H23: BKK4 | I23: 2569 | J23: 45716 | K23: 46064 | L23: Done | M23: ลงใต้ดิน | N23: yes | O23: 73848.239 | P23: 21452.242 | Q23: Approved | R23: 13.742402566193277, 100.50696074758135 | S23: 13.744195474119442, 100.50455061549454 | T23: 60C | U23: 0.3325 | V23: 0.0525 | W23: =U23+V23 -> 0.385 | X23: 2568 | Y23: Q4
A24: 21 | B24: กรุงเทพมหานครและปริมณฑล | C24: กรุงเทพมหานคร | D24: หักเสาไฟฟ้า | E24: UG65/OTH/0002 | F24: ถนนลูกหลวง (1 ฝั่งถนน) (ซอยลูกหลวง 1 - ถนนสามเสน) | G24: 2.3 | H24: BKK4 | I24: 2569 | J24: 45961 | K24: 46235 | L24: Wait Duct (NT) | M24: ลงใต้ดิน+Re-route | N24: yes | O24: 116400 | P24: 57900 | Q24: Request | R24: 13.754718045186001, 100.51747023999916 | S24: 13.769942382856494, 100.50399285429273 | T24: 60C | U24: 2.185 | V24: 0.345 | W24: =U24+V24 -> 2.53 | X24: 2570 | Y24: Q1
... A29: 26 | B29: กรุงเทพมหานครและปริมณฑล | C29: กรุงเทพมหานคร | D29: ไม่หักเสาไฟฟ้า | E29: UG65/OTH/0018 | F29: ถนนวิภาวดีรังสิต ช่วงที่ 4 (2 ฝั่งถนน) (แยกเกษตร - หลักสี่) | G29: 9.4 | H29: BKK2 | I29: 2569 | J29: 46234 | K29: 46305 | L29: Wait Duct (NT) | M29: ลงใต้ดิน | N29: yes | O29: 1212600 | P29: 653112 | Q29: Request | R29: 13.847561540502536, 100.56149019379637 | S29: 13.884322387369098, 100.58169030148558 | T29: 144C | U29: 8.93 | V29: 1.41 | W29: =U29+V29 -> 10.34 | X29: 2570 | Y29: Q2
A30: 27 | B30: กรุงเทพมหานครและปริมณฑล | C30: กรุงเทพมหานคร | D30: หักเสาไฟฟ้า | E30: UG69/MSN/0001 | F30: ถนนตก (2 ฝั่งถนน) (ถนนพระราม 3 - กฟน.ยานนาวา) | G30: 1.1 | H30: BKK4 | I30: 2569 | J30: 46568 | L30: Wait Duct (NT) | M30: Re-route | N30: no | O30: 33600 | P30: 23160 | Q30: Request | R30: 13.697176484650662, 100.49704267467271 | S30: 13.69308524940448, 100.4924692323161 | T30: 12C | U30: 1.045 | V30: 0.165 | W30: =U30+V30 -> 1.21 | X30: 2571 | Y30: Q1
A31: 28 | B31: กรุงเทพมหานครและปริมณฑล | C31: กรุงเทพมหานคร | D31: หักเสาไฟฟ้า | E31: UG68/MSN/0021 | F31: เทียมร่วมมิตร (2 ฝั่งถนน) (แยกศูนย์วัฒนธรรม - ประชาอุทิศ) | G31: 5 | H31: BKK2 | I31: 2569 | J31: 46660 | L31: Wait Duct (NT) | M31: ลงใต้ดิน | N31: yes | O31: 348300 | P31: 187596 | Q31: Request | R31: 13.762591425569118, 100.57265766550815 | S31: 13.769063091571814, 100.59284282032604 | T31: 60C | U31: 4.75 | V31: 0.75 | W31: =U31+V31 -> 5.5 | X31: 2571 | Y31: Q2
A32: 29 | B32: กรุงเทพมหานครและปริมณฑล | C32: กรุงเทพมหานคร | D32: หักเสาไฟฟ้า | E32: UG68/MSN/0020 | F32: ถนนรามคำแหง 1 (2 ฝั่งถนน) (แยกคลองตัน - ทางรถไฟ) | G32: 0.4 | H32: BKK3 | I32: 2569 | J32: 46234 | K32: 46325 | L32: Wait Duct (NT) | M32: ลงใต้ดิน | N32: yes | O32: 77400 | P32: 27792 | Q32: Request | R32: 13.740986406319568, 100.60075742356503 | S32: 13.742830113711666, 100.60144260439787 | T32: 144C | U32: 0.38 | V32: 0.06 | W32: =U32+V32 -> 0.44 | X32: 2570 | Y32: Q2
A33: 30 | B33: กรุงเทพมหานครและปริมณฑล | C33: กรุงเทพมหานคร | D33: หักเสาไฟฟ้า | E33: UG68/MSN/0025 | F33: ถนนรามคำแหง 1 (2 ฝั่งถนน) (ทางรถไฟ - แยกลำสาสี) | G33: 11.2 | H33: BKK3 | I33: 2569 | J33: 46142 | K33: 46325 | L33: Onprocess | M33: ลงใต้ดิน | N33: yes | O33: 1516443.6 | P33: 507342.56 | Q33: Approved | R33: 13.742830113711666, 100.60144260439787 | S33: 13.762676916859343, 100.64562951492596 | T33: 144C | U33: 10.64 | V33: 1.68 | W33: =U33+V33 -> 12.32 | X33: 2569 | Y33: Q1
A34: 31 | B34: กรุงเทพมหานครและปริมณฑล | C34: นนทบุรี | D34: หักเสาไฟฟ้า | E34: UG68/MSN/0009 | F34: ถนนแจ้งวัฒนะ ช่วงที่ 2 (2 ฝั่งถนน) (ห้าแยกปากเกร็ด - ทางพิเศษศรีรัช) | G34: 8.4 | H34: BKK2 | I34: 2569 | J34: 46203 | K34: 46327 | L34: Wait Duct (NT) | M34: ลงใต้ดิน | N34: no | O34: 1974000 | P34: 972720 | Q34: Request | R34: 13.907518910842692, 100.50426855225544 | S34: 13.899426717362157, 100.54274973571448 | T34: 144C | U34: 7.98 | V34: 1.26 | W34: =U34+V34 -> 9.24 | X34: 2570 | Y34: Q2
A35: 32 | B35: กรุงเทพมหานครและปริมณฑล | C35: กรุงเทพมหานคร | D35: หักเสาไฟฟ้า | E35: UG68/MSN/0022 | F35: ถนนบรมราชชนนี (2 ฝั่งถนน) (แยกอรุณ - สมเด็จพระปิ่นเกล้า-สายใต้เก่า) | G35: 5.6 | H35: BKK1 | I35: 2569 | J35: 46234 | K35: 46342 | L35: Wait Duct (NT) | M35: ลงใต้ดิน | N35: yes | O35: 538200 | P35: 319608 | Q35: Request | R35: 13.768484342823152, 100.48575350796152 | S35: 13.78747686967618, 100.46862468398734 | T35: 144C | U35: 5.32 | V35: 0.84 | W35: =U35+V35 -> 6.16 | X35: 2570 | Y35: Q3
A36: 33 | B36: กรุงเทพมหานครและปริมณฑล | C36: กรุงเทพมหานคร | D36: หักเสาไฟฟ้า | E36: UG68/MSN/0006 | F36: ถนนสาทร (2 ฝั่งถนน) (แยกถนนพระรามที่ 4 - ถนนเจริญกรุง) | G36: 6.6 | H36: BKK4 | I36: 2569 | J36: 46326 | K36: 46446 | L36: Wait Duct (NT) | M36: ลงใต้ดิน | N36: no | O36: 2437500 | P36: 868500 | Q36: Approved | R36: 13.72630499219555, 100.54443991593318 | S36: 13.71861788590893, 100.51513825939988 | T36: 216C | U36: 6.27 | V36: 0.99 | W36: =U36+V36 -> 7.26 | X36: 2569 | Y36: Q3
A37: 34 | B37: กรุงเทพมหานครและปริมณฑล | C37: กรุงเทพมหานคร | D37: ไม่หักเสาไฟฟ้า | E37: UG68/OTH/0001 | F37: ถนนทรงวาด (2 ฝั่งถนน) (ถนนราชวงศ์ - ถนนเจริญกรุง) | G37: 2.2 | H37: BKK4 | I37: 2569 | J37: 46203 | K37: 46345 | L37: Wait Duct (NT) | M37: ลงใต้ดิน | N37: yes | O37: 28800 | P37: 11580 | Q37: Request | R37: 13.739560982438089, 100.50483215284562 | S37: 13.736179726306444, 100.51354391848832 | T37: 60C | U37: 2.09 | V37: 0.33 | W37: =U37+V37 -> 2.42 | X37: 2570 | Y37: Q3
A38: 35 | B38: กรุงเทพมหานครและปริมณฑล | C38: กรุงเทพมหานคร | D38: ไม่หักเสาไฟฟ้า | E38: UG65/OTH/0007 | F38: ถนนวิภาวดีรังสิต (2 ฝั่งถนน) (ห้าแยกลาดพร้าว - แยกรัชวิภา) | G38: 3.8 | H38: BKK2 | I38: 2569 | J38: 46234 | K38: 46349 | L38: Wait Duct (NT) | M38: ลงใต้ดิน | N38: yes | O38: 490200 | P38: 264024 | Q38: Request | R38: 13.813637399905678, 100.5601922880701 | S38: 13.83061678294147, 100.55769289913887 | T38: 144C | U38: 3.61 | V38: 0.57 | W38: =U38+V38 -> 4.18 | X38: 2570 | Y38: Q3
A39: 36 | B39: กรุงเทพมหานครและปริมณฑล | C39: กรุงเทพมหานคร | D39: ไม่หักเสาไฟฟ้า | E39: UG65/OTH/0016 | F39: ถนนวิภาวดีรังสิต (2 ฝั่งถนน) (แยกรัชวิภา - ถนนงามวงศ์วาน) | G39: 4 | H39: BKK2 | I39: 2569 | J39: 46234 | K39: 46350 | L39: Wait Duct (NT) | M39: ลงใต้ดิน | N39: yes | O39: 516000 | P39: 277920 | Q39: Request | R39: 13.83061678294147, 100.55769289913887 | S39: 13.847539117538599, 100.56154407157679 | T39: 144C | U39: 3.8 | V39: 0.6 | W39: =U39+V39 -> 4.4 | X39: 2570 | Y39: Q3
A40: 37 | B40: กรุงเทพมหานครและปริมณฑล | C40: นนทบุรี | D40: หักเสาไฟฟ้า | E40: UG68/MSN/0003 | F40: ถนนติวานนท์ (2 ฝั่งถนน) (แยกกรุงเทพนนท์ - แยกแคราย) | G40: 7.6 | H40: BKK2 | I40: 2569 | J40: 46234 | K40: 46326 | L40: Wait Duct (NT) | M40: ลงใต้ดิน | N40: yes | O40: 774000 | P40: 416880 | Q40: Request | R40: 13.84298287114514, 100.51090893807161 | S40: 13.85902955876802, 100.52166995473303 | T40: 144C | U40: 7.22 | V40: 1.14 | W40: =U40+V40 -> 8.36 | X40: 2570 | Y40: Q2
A41: 38 | B41: กรุงเทพมหานครและปริมณฑล | C41: กรุงเทพมหานคร | D41: หักเสาไฟฟ้า | E41: UG68/MSN/0026 | F41: ถนนนครอินทร์ (2 ฝั่งถนน) (นครอินทร์ - กรุงเทพนนท์) | G41: 7.6 | H41: BKK2 | I41: 2569 | J41: 46387 | K41: 46350 | L41: Wait Duct (NT) | M41: ลงใต้ดิน+Re-route | N41: yes | O41: 516000 | P41: 277920 | Q41: Request | R41: 13.833026077932532, 100.49630051361952 | S41: 13.843006092864622, 100.51086234465382 | T41: 60C | U41: 7.22 | V41: 1.14 | W41: =U41+V41 -> 8.36 | X41: 2570 | Y41: Q2
A42: 39 | B42: กรุงเทพมหานครและปริมณฑล | C42: กรุงเทพมหานคร | D42: หักเสาไฟฟ้า | E42: UG65/NTC/0008 | F42: ถนนรัชดาภิเษก 2 (2 ฝั่งถนน) (ถนนเพชรบุรี - แยกสุทธิสาร) | G42: 9.6 | H42: BKK2 | I42: 2569 | J42: 46234 | K42: 46356 | L42: Wait Duct (NT) | M42: ลงใต้ดิน | N42: yes | O42: 1749000 | P42: 736488 | Q42: Request | R42: 13.748956008689177, 100.56338852059962 | S42: 13.789756397039273, 100.57417618016926 | T42: 144C | U42: 9.12 | V42: 1.44 | W42: =U42+V42 -> 10.56 | X42: 2570 | Y42: Q3
A43: 40 | B43: กรุงเทพมหานครและปริมณฑล | C43: กรุงเทพมหานคร | D43: หักเสาไฟฟ้า | E43: UG68/NTC/0013 | F43: ถนนเพชรบุรี ช่วงที่ 1 (2 ฝั่งถนน) (แยกคลองตัน - ทางรถไฟ) | G43: 11.2 | H43: BKK4 | I43: 2569 | J43: 46234 | K43: 46356 | L43: Wait Duct (NT) | M43: ลงใต้ดิน | N43: yes | O43: 1912500 | P43: 868500 | Q43: Request | R43: 13.740981230694201, 100.60078273605333 | S43: 13.749005091156855, 100.5634206550746 | T43: 144C | U43: 10.64 | V43: 1.68 | W43: =U43+V43 -> 12.32 | X43: 2570 | Y43: Q1
... A96: 93 | B96: กรุงเทพมหานครและปริมณฑล | C96: กรุงเทพมหานคร | D96: หักเสาไฟฟ้า | E96: UG70/MSN/0006 | F96: ถนนรามคำแหง 3 (ถนนร่มเกล้า - ถนนสุวินทวงศ์) | G96: 2 | H96: BKK3 | I96: 2571 | J96: 46752 | K96: 46965 | L96: Wait Duct (NT) | M96: ลงใต้ดิน | N96: yes | O96: 171000 | P96: 110010 | Q96: Request | R96: 13.81235267518258, 100.73685634680294 | S96: 13.816630274507467, 100.74463060181766 | T96: 60C | U96: 1.9 | V96: 0.3 | W96: =U96+V96 -> 2.2 | X96: 2571 | Y96: Q2
A97: 94 | B97: ต่างจังหวัด | C97: เชียงใหม่ | D97: หักเสาไฟฟ้า | E97: UG66/BC1/00052 | F97: Lot 2 ข้างหล่อ ราชเชียงแสน ถนนมูลเมองบางส่วน ถนนบำรุงบุรี (2 ฝั่งถนน) | G97: 4.6 | H97: CMI | I97: 2569 | K97: รื้อถอน Q1/26 | L97: Done | M97: Re-route | N97: no | O97: 141340 | P97: 0 | Q97: Request | R97: 18.78121164255038, 98.97825360392451 | S97: 18.780996167652162, 98.99254644309715 | T97: 48C | U97: 0 | V97: 2 | W97: =U97+V97 -> 2 | X97: 2569 | Y97: Q4
A98: 95 | B98: ต่างจังหวัด | C98: บุรีรัมย์ | D98: หักเสาไฟฟ้า | E98: UG65/KNG/0012 | F98: ถนนทางหลวงหมายเลข 2445 ตั้งแต่ พระบรมราชานุเสาวรีย์ รัชกาลที่ 1 ถึง เรือนจำจังหวัดบุรีรัมย์ (2 ฝั่งถนน) (พระบรมราชานุเสาวรีย์ รัชกาลที่ ๑ - เรือนจำจังหวัดบุรีรัมย์) | G98: 2.4 | H98: NMA | I98: 2569 | K98: รื้อถอน Q1/26 | L98: Done | M98: Re-route | N98: no | O98: 141340 | P98: 0 | Q98: Approved | R98: 14.98680585899913, 103.10491864320177 | S98: 14.975496605932166, 103.10561805606703 | T98: 48C | U98: 0 | V98: 2 | W98: =U98+V98 -> 2 | X98: 2567 | Y98: Q4
A99: 96 | B99: ต่างจังหวัด | C99: ลำปาง | D99: หักเสาไฟฟ้า | E99: UG66/KNG/0013 | F99: ถนนวังหม้อพัฒนา ถึงสำเภาทอง จ.ลำปาง (2 ฝั่งถนน) | G99: 2.6 | H99: CMI | I99: 2569 | K99: รื้อถอน Q1/26 | L99: n/a | M99: ไม่มีโครงข่าย | N99: no | O99: 0 | P99: 0 | Q99: n/a | R99: 18.314899752914442, 99.51911724088842 | S99: 18.307546021692637, 99.51256767149468 | T99: n/a | U99: 0 | V99: 0 | W99: =U99+V99 -> 0 | X99: n/a | Y99: n/a
A100: 97 | B100: ต่างจังหวัด | C100: เชียงใหม่ | D100: หักเสาไฟฟ้า | E100: UG66/BC1/00053 | F100: Lot 6 ถนนอารักษ์ ถนนบำรุงบุรี และศรีภูมิ (2 ฝั่งถนน) | G100: 6.8 | H100: CMI | I100: 2569 | K100: รื้อถอน Q1/26 | L100: n/a | M100: ไม่มีโครงข่าย | N100: no | O100: 0 | P100: 0 | Q100: n/a | R100: 18.795376707724497, 98.97873493605451 | S100: 18.78201208325385, 98.97803797149466 | T100: n/a | U100: 0 | V100: 0 | W100: =U100+V100 -> 0 | X100: n/a | Y100: n/a
A101: 98 | B101: ต่างจังหวัด | C101: นครราชสีมา | D101: หักเสาไฟฟ้า | E101: UG65/BC1/0002 | F101: (lot 5) จังหวัดนครราชสีมา ถนนมนัส ถนนพลแสน ถนนยมราช ถนนอัษฎางค์ ถนนจอมพล ถนนมหาดไทยและถนนสรรพสิทธิ์ (2 ฝั่งถนน) | G101: 5.2 | H101: NMA | I101: 2569 | K101: รื้อถอน Q1/26 | L101: Done | M101: ลงใต้ดิน+Re-route | N101: no | O101: 117872 | P101: 115800 | Q101: Approved | R101: 14.979245626384941, 102.11145180281781 | S101: 14.972322172755115, 102.1107222360621 | T101: 48C | U101: 1 | V101: 0 | W101: =U101+V101 -> 1 | X101: 2567 | Y101: Q2
A102: 99 | B102: ต่างจังหวัด | C102: เชียงใหม่ | D102: หักเสาไฟฟ้า | E102: UG66/BC1/00054 | F102: Lot 7 ถนนอัษฎาธร ถนนมณีนพรัตน์ ถนนข้างเผือก ถนนหัสดีเสวี ถนนบุญเรืองฤทธิ์ ถนนมหิตล และถนนทิพย์เนตร (2 ฝั่งถนน) | G102: 9.68 | H102: CMI | I102: 2569 | K102: รื้อถอน Q1/26 | L102: Done | M102: ลงใต้ดิน | N102: yes | O102: 391020 | P102: 231600 | Q102: Request | R102: 18.795936714833697, 98.97797820290323 | S102: 18.781845, 98.977465 | T102: 144C | U102: 2 | V102: 0 | W102: =U102+V102 -> 2 | X102: 2569 | Y102: Q4
A103: 100 | B103: ต่างจังหวัด | C103: เชียงราย | D103: หักเสาไฟฟ้า | E103: UG66/LCA/0004 | F103: ถนนธนาลัย ถนนรัตนาเขต ถนนบรรพปราการ (2 ฝั่งถนน) | G103: 10 | H103: CMI | I103: 2569 | K103: รื้อถอน Q1/26 | L103: Done | M103: ลงใต้ดิน+Re-route | N103: no | O103: 46550 | P103: 57900 | Q103: Request | R103: 19.908760369125446, 99.83067685406807 | S103: 19.909070020709823, 99.84016537887467 | T103: 24C | U103: 0.5 | V103: 0.2 | W103: =U103+V103 -> 0.7 | X103: 2569 | Y103: Q4
A104: 101 | B104: ต่างจังหวัด | C104: นครราชสีมา | D104: หักเสาไฟฟ้า | E104: UG65/BC1/0001 | F104: (Lot 4) ถนนประจักษ์ ถนนไชยณรงค์ ถนนราชนิกูล ถนนราชดำเนิน ถนนพลแสน ถนนยมราช ถนนอัษฎางค์ ถนนจอมพล ถนนมหาดไทย (2 ฝั่งถนน) | G104: 9.6 | H104: NMA | I104: 2569 | K104: รื้อถอน Q1/26 | L104: n/a | M104: ไม่มีโครงข่าย | N104: no | O104: 0 | P104: 0 | Q104: n/a | R104: 14.973493368521664, 102.11072222556784 | S104: 14.973617743393449, 102.11336152747383 | T104: n/a | U104: 0 | V104: 0 | W104: =U104+V104 -> 0 | X104: n/a | Y104: n/a
A105: 102 | B105: ต่างจังหวัด | C105: ภูเก็ต | D105: ไม่หักเสาไฟฟ้า | E105: UG65/LCA/0004 | F105: ถนนภูเก็ตส่วนที่เหลือ เขตย่านการค้าเมืองเก่า (2 ฝั่งถนน) (สะพานพระอร่าม - วงเวียนกระเฌอ) | G105: 3.44 | H105: PKT | I105: 2569 | K105: รื้อถอน Q2/26 | L105: Done | M105: ลงใต้ดิน+Re-route | N105: no | O105: 489292 | P105: 138960 | Q105: Approved | R105: 7.876817322161606, 98.39360041633508 | S105: 7.8699411730779, 98.39419974451415 | T105: 144C | U105: 1.2 | V105: 2 | W105: =U105+V105 -> 3.2 | X105: 2568 | Y105: Q2
A106: 103 | B106: ต่างจังหวัด | C106: สงขลา | D106: หักเสาไฟฟ้า | E106: UG65/BC1/0034 | F106: ถนนราษฎร์ยินดี ช่วง 2 (2 ฝั่งถนน) (ถนนธรรมนูญวิถี - ถนนศุภสารรังสรรค์) | G106: 0.8 | H106: HYI | I106: 2569 | K106: รื้อถอน Q2/26 | L106: Done | M106: ลงใต้ดิน+Re-route | N106: no | O106: 219178 | P106: 69480 | Q106: Approved | R106: 6.997908096030113, 100.47010621323183 | S106: 6.998356883377764, 100.47912817097277 | T106: 144C | U106: 0.6 | V106: 0.8 | W106: =U106+V106 -> 1.4 | X106: 2568 | Y106: Q2
A107: 104 | B107: ต่างจังหวัด | C107: เชียงใหม่ | D107: หักเสาไฟฟ้า | E107: UG68/BC1/0001 | F107: Lot 3 ถนนราชภาคิมัย และถนนราชมรรคา (2 ฝั่งถนน) | G107: 6.4 | H107: CMI | I107: 2569 | K107: รื้อถอน Q2/26 | L107: Done | M107: ลงใต้ดิน+Re-route | N107: no | O107: 35000 | P107: 288000 | Q107: Request | R107: 18.781510007079742, 98.98988514478134 | S107: 18.795177734879488, 98.99003821340695 | T107: เช่า Core NT | U107: 0 | V107: 0 | W107: =U107+V107 -> 0 | X107: 2569 | Y107: Q3 | Z107: เช่า Core NT
A108: 105 | B108: ต่างจังหวัด | C108: ศรีสะเกษ | D108: หักเสาไฟฟ้า | E108: UG66/KNG/0046 | F108: จังหวัดศรีสะเกษ ถนนศรีสะเกษ อุทุมพรพิสัย (2 ฝั่งถนน) (สะทานขาว - โรงพยาบาลศรีสะเกษ) | G108: 1.6 | H108: UBN | I108: 2569 | K108: รื้อถอน Q2/26 | L108: Onprocess | M108: ลงใต้ดิน+Re-route | N108: no | O108: 258470 | P108: 57900 | Q108: Request | R108: 15.114461,104.327187 | S108: 15.113908, 104.343070 | T108: 24C | U108: 0.5 | V108: 5 | W108: =U108+V108 -> 5.5 | X108: 2569 | Y108: Q3
A109: 106 | B109: ต่างจังหวัด | C109: นครราชสีมา | D109: หักเสาไฟฟ้า | E109: UG65/BC1/0003 | F109: (Lot 6) ถนนจักรี ถนนกำแหงสงคราม ถนนพลแสน ถนนอัษฎาค์ ถนนยมราช ถนนจอมพล ถนนมหาดไทยและถนนสรรพสิทธิ์ (2 ฝั่งถนน) | G109: 5.26 | H109: NMA | I109: 2569 | K109: รื้อถอน Q2/26 | L109: Done | M109: ลงใต้ดิน+Re-route | N109: no | O109: 176808 | P109: 173700 | Q109: Approved | R109: 14.973931196597153, 102.08376767661682 | S109: 14.97308130412379, 102.0978868247932 | T109: 60C | U109: 1.5 | V109: 0 | W109: =U109+V109 -> 1.5 | X109: 2567 | Y109: Q2
A110: 107 | B110: ต่างจังหวัด | C110: สงขลา | D110: หักเสาไฟฟ้า | E110: UG65/BC1/0033 | F110: ถนนราษฎร์ยินดี ช่วง 1 (2 ฝั่งถนน) (ถนนราษฎร์ยินดี/ถนนศรีภูวนาท - ถนนธรรมนูญวิถี) | G110: 1.6 | H110: HYI | I110: 2569 | K110: รื้อถอน Q2/26 | L110: Done | M110: ลงใต้ดิน+Re-route | N110: no | O110: 297382 | P110: 115800 | Q110: Approved | R110: 6.998493127472909, 100.47951131793386 | S110: 7.018394561181121, 100.4825021313393 | T110: 144C | U110: 1 | V110: 0.8 | W110: =U110+V110 -> 1.8 | X110: 2568 | Y110: Q2
A111: 108 | B111: ต่างจังหวัด | C111: ภูเก็ต | D111: ไม่หักเสาไฟฟ้า | E111: UG65/LCA/0006 | F111: ถนนราษฎร์อุทิศ 200 ปี (2 ฝั่งถนน) | G111: 2.6 | H111: PKT | I111: 2569 | K111: รื้อถอน Q2/26 | L111: Onprocess | M111: ลงใต้ดิน | N111: no | O111: 995826 | P111: 254760 | Q111: Approved | R111: 7.905117918374678, 98.30098590363839 | S111: 7.884432612795574, 98.29291155116988 | T111: 216C | U111: 2.2 | V111: 1.8 | W111: =U111+V111 -> 4 | X111: 2569 | Y111: Q2
A112: 109 | B112: ต่างจังหวัด | C112: สมุทรสาคร | D112: หักเสาไฟฟ้า | E112: UG66/KNG/0027 | F112: วิทยาลัยเทคนิคสมุทรสาคร ถึงท่อเรือข้ามฟากมหาชัย - ท่าฉลอม ถนนเศรษฐกิจ 1 (2 ฝั่งถนน)(วิทยาลัยเทคนิคสมุทรสาคร - ท่าเรือข้ามฟากมหาชัย - ท่าฉลอม) | G112: 1.2 | H112: RBI | I112: 2569 | K112: รื้อถอน Q2/26 | L112: Onprocess | M112: ลงใต้ดิน+Re-route | N112: no | O112: 136857 | P112: 81060 | Q112: Approved | R112: 13.549668, 100.274012 | S112: 13.544579, 100.274974 | T112: 144C | U112: 0.7 | V112: 0 | W112: =U112+V112 -> 0.7 | X112: 2568 | Y112: Q4
A113: 110 | B113: ต่างจังหวัด | C113: แม่ฮ่องสอน | D113: หักเสาไฟฟ้า | E113: UG66/KNG/0015 | F113: ถนนขุมลุมประหาส ช่วงสามแยกอนุเสาวรีย์พระยาสิงหนาทราชา ถึงสี่แยกถนนขุนลุมประพาสตัดกับถนนสิงหนาทบำรุง อ.เมือง จ.แม่ฮ่องสอน (2 ฝังถนน) (ช่วงสามแยกอนุเสาวรีย์พระยาสิงหนาทราชา - สี่แยกถนนขุนลุมประหาสตัดกับถนนสิงหนาทบำรุง อ.เมือง จ.แม่ฮ่องสอน) | G113: 2.2 | H113: CMI | I113: 2569 | K113: รื้อถอน Q2/26 | L113: Done | M113: ลงใต้ดิน+Re-route | N113: no | O113: 59238 | P113: 23160 | Q113: Approved | R113: 19.296622677749685, 97.9637283744381 | S113: 19.292616810779386, 97.9645569287117 | T113: 24C | U113: 0.2 | V113: 1 | W113: =U113+V113 -> 1.2 | X113: 2568 | Y113: Q3
A114: 111 | B114: ต่างจังหวัด | C114: ชลบุรี | D114: หักเสาไฟฟ้า | E114: UG68/LCA/0006 | F114: บริเวณถนนพระยาสัจจาจากสามแยกโรงเรียนชลราษฎร์อำรุง ถึง สุดเขตเทศบาลเมืองบ้านสวนปากซอยบ้านสวน - พระยาสัจจา 10 จ.ชลบุรี (2 ฝั่งถนน) (ปากซอยบ้านสวน - พระยาสัจจา 10) | G114: 2.4 | H114: CBI | I114: 2569 | K114: รื้อถอน Q2/26 | L114: Wait Duct (NT) | M114: ลงใต้ดิน | N114: no | O114: 318148 | P114: 173700 | Q114: Request | R114: 13.3520124,100.9758000 | S114: 13.3444592,100.9662225 | T114: 60C | U114: 1.5 | V114: 2 | W114: =U114+V114 -> 3.5 | X114: 2569 | Y114: Q4
A115: 112 | B115: ต่างจังหวัด | C115: นครพนม | D115: หักเสาไฟฟ้า | E115: UG65/KNG/0011 | F115: ถนนอภิบาลบัญชา (แยกถนนนิตโย ถึงซอยปิยะมหาราชวิทยาลัย) (2 ฝั่งถนน) (แยกถนนนิตโย - ซอยปิยะมหาราชวิทยาลัย) | G115: 1.5 | H115: UDN | I115: 2569 | K115: รื้อถอน Q2/26 | L115: Done | M115: ลงใต้ดิน+Re-route | N115: no | O115: 118476 | P115: 46320 | Q115: Approved | R115: 17.397873173358434, 104.78531659526675 | S115: 17.40239685998301, 104.78321744495373 | T115: 24C | U115: 0.4 | V115: 2 | W115: =U115+V115 -> 2.4 | X115: 2568 | Y115: Q4
A116: 113 | B116: ต่างจังหวัด | C116: อุบลราชธานี | D116: หักเสาไฟฟ้า | E116: UG65/KNG/0031 | F116: จังหวัดอุบลราชธานี บริเวณถนนชยางกูร (2 ฝั่งถนน) | G116: 2 | H116: UBN | I116: 2569 | K116: รื้อถอน Q2/26 | L116: Wait Duct (NT) | M116: ลงใต้ดิน+Re-route | N116: no | O116: 22632 | P116: 34740 | Q116: Request | R116: 15.237625433545, 104.85382954310555 | S116: 15.235685635545082, 104.85450279601359 | T116: 24C | U116: 0.3 | V116: 0 | W116: =U116+V116 -> 0.3 | X116: 2569 | Y116: Q4
A117: 114 | B117: ต่างจังหวัด | C117: เชียงใหม่ | D117: หักเสาไฟฟ้า | E117: UG68/BC1/0002 | F117: Lot 4 ถนนพระปกเกล้า, ถนนเวียงแก้ว, ถนนมูลเมือง, ถนนจาบาน และถนนราชมรรคา (2 ฝั่งถนน) | G117: 6.9 | H117: CMI | I117: 2569 | K117: รื้อถอน Q2/26 | L117: Done | M117: ลงใต้ดิน+Re-route | N117: no | O117: 35000 | P117: 288000 | Q117: Request | R117: 18.781410, 98.988979 | S117: 18.795177734854935, 98.98673373185727 | T117: เช่า Core NT | U117: 0 | V117: 0 | W117: =U117+V117 -> 0 | X117: 2569 | Y117: Q3 | Z117: เช่า Core NT
A118: 115 | B118: ต่างจังหวัด | C118: หนองบัวลำภู | D118: หักเสาไฟฟ้า | E118: UG66/KNG/0020 | F118: จุดเริ่มตัดสามแยก ถ.หมายเลข 210 ตัดถนนหมายเลข 228 ถึงจุดสิ้นสุดบริษัท เงินติดล้อ ถ. อนาลโย จ.หนองบัวลำภู (2 ฝั่งถนน) (สามแยก ถ.หมายเลข 210 ตัดถนนหมายเลข 228 - ถ. อนาลโย) | G118: 2.2 | H118: KKN | I118: 2569 | K118: รื้อถอน Q2/26 | L118: Done | M118: ลงใต้ดิน+Re-route | N118: no | O118: 200276 | P118: 57900 | Q118: Approved | R118: 17.20770740975192, 102.44563119871563 | S118: 17.20031761257868, 102.44094430043553 | T118: 48C | U118: 0.5 | V118: 2 | W118: =U118+V118 -> 2.5 | X118: 2568 | Y118: Q2
A119: 116 | B119: ต่างจังหวัด | C119: สุรินทร์ | D119: หักเสาไฟฟ้า | E119: UG66/KNG/0005 | F119: ถนนกรุงศรีนอก ถนนจิตบำรุง (อนุเสาวรีย์พระยาสุรินทร์ภักดีศรีณรงค์จางวาง ถึง แยกวัดหนองบัว) (2 ฝั่งถนน) (อนุเสาวรีย์พระยาสุรินทร์ภักดีศรีณรงค์จางวาง - แยกวัดหนองบัว | G119: 2.6 | H119: NMA | I119: 2569 | K119: รื้อถอน Q2/26 | L119: Done | M119: ลงใต้ดิน+Re-route | N119: no | O119: 150880 | P119: 231600 | Q119: Approved | R119: 14.878345339925493, 103.48963116345188 | S119: 14.887037853859473, 103.49483995684218 | T119: 24C | U119: 2 | V119: 0 | W119: =U119+V119 -> 2 | X119: 2568 | Y119: Q4
A120: 117 | B120: ต่างจังหวัด | C120: นครราชสีมา | D120: หักเสาไฟฟ้า | E120: UG66/KNG/0006 | F120: ถนนจอมพล (2 ฝั่งถนน) (ถนนประจักษ์ - ประตูพลล้าน) | G120: 1.6 | H120: NMA | I120: 2569 | K120: รื้อถอน Q2/26 | L120: Done | M120: ลงใต้ดิน+Re-route | N120: no | O120: 412552 | P120: 405300 | Q120: Approved | R120: 14.97471921603506, 102.09851749719145 | S120: 14.97508369171606, 102.11374184021234 | T120: 48C | U120: 3.5 | V120: 0 | W120: 1 | X120: 2567 | Y120: Q2
A121: 118 | B121: ต่างจังหวัด | C121: ปัตตานี | D121: หักเสาไฟฟ้า | E121: UG66/KNG/0041 | F121: พิพิธ -ยะรัง บริเวณมัสยิดกลาง จ.ปัตตานี ถึง สี่แยก รพ.ปัตตานี /ถนนพิพิธ-ถนนยะรัง (2 ฝั่งถนน) (สี่แยกถนนหนองจิก / รพ.ปัตตานี - สี่แยกถนนอุดมวิถี/ บริเวณมัสยิดกลาง | G121: 2.8 | H121: HYI | I121: 2569 | K121: รื้อถอน Q2/26 | L121: Done | M121: ลงใต้ดิน | N121: no | O121: 370096.8 | P121: 335820 | Q121: Approved | R121: 6.863359,101.256578 | S121: 6.871569890970845, 101.24985445541851 | T121: 60C | U121: 2.9 | V121: 0.4 | W121: =U121+V121 -> 3.3 | X121: 2568 | Y121: Q1
A122: 119 | B122: ต่างจังหวัด | C122: พระนครศรีอยุธยา | D122: หักเสาไฟฟ้า | E122: UG68/LCA/0013 | F122: ถนนโรจนะ (2 ฝั่งถนน) (สะพานคลองโพธิ์ - แยกทางรถไฟ) | G122: 4.8 | H122: AYA | I122: 2569 | K122: รื้อถอน Q2/26 | L122: Wait Duct (NT) | M122: ลงใต้ดิน | N122: no | O122: 1065788 | P122: 555840 | Q122: Request | R122: 14.3498052,100.6033728 | S122: 14.3526520,100.5834787 | T122: 144C | U122: 4.8 | V122: 1 | W122: =U122+V122 -> 5.8 | X122: 2569 | Y122: Q4
A123: 120 | B123: ต่างจังหวัด | C123: ภูเก็ต | D123: หักเสาไฟฟ้า | E123: UG65/LCA/0005 | F123: ถนนบางลา (2 ฝั่งถนน) | G123: 1.6 | H123: PKT | I123: 2569 | K123: รื้อถอน Q2/26 | L123: Onprocess | M123: ลงใต้ดิน+Re-route | N123: no | O123: 179101.6 | P123: 92640 | Q123: Approved | R123: 7.893158447196916, 98.29829107146995 | S123: 7.894060652419132, 98.29532175635676 | T123: 60C | U123: 0.8 | V123: 1.2 | W123: =U123+V123 -> 2 | X123: 2569 | Y123: Q2
A124: 121 | B124: ต่างจังหวัด | C124: ชลบุรี | D124: หักเสาไฟฟ้า | E124: UG66/BC1/0001 | F124: ถนนพัทยาสาย 3 (2 ฝั่งถนน) (ชุมสายในเขตพัทยา - ปริญญา) | G124: 3.6 | H124: CBI | I124: 2569 | K124: รื้อถอน Q2/26 | L124: Done | M124: ลงใต้ดิน+Re-route | N124: no | O124: 621132 | P124: 254760 | Q124: Approved | R124: 12.9349379,100.8920463 | S124: 12.9496161,100.8970225 | T124: 144C | U124: 2.2 | V124: 1.5 | W124: =U124+V124 -> 3.7 | X124: 2569 | Y124: Q2 | Z124: ดำเนินการไปแล้ว
A125: 122 | B125: ต่างจังหวัด | C125: อำนาจเจริญ | D125: หักเสาไฟฟ้า | E125: UG66/KNG/0007 | F125: ถนนสี่แยกมิ่งมงคล ช่วงถนนชยางกูร 212 จากหน้าสำนักงานศูนย์บริการทีโอที ถึง หน้าแขวงการทางหลวงอำนาจเจริญ อ.เมือง จ. อำนาจเจริญ (2 ฝั่งถนน) | G125: 2 | H125: UBN | I125: 2569 | K125: รื้อถอน Q2/26 | L125: Onprocess | M125: ลงใต้ดิน+Re-route | N125: no | O125: 285080 | P125: 57900 | Q125: Request | R125: 15.86573944455716, 104.62744794971319 | S125: 15.8534611,104.6314904 | T125: 60C | U125: 0.5 | V125: 3.2 | W125: =U125+V125 -> 3.7 | X125: 2569 | Y125: Q3
A126: 123 | B126: ต่างจังหวัด | C126: หนองคาย | D126: หักเสาไฟฟ้า | E126: UG67/LCA/0006 | F126: บริเวณถนนมีชัย ช่วงตั้งแต่แยกดอนแดง ถึงแยกตลาดวัดธาตุ จ.หนองคาย (2 ฝั่งถนน) (แยกตอนแดง -ตลาดวัดธาตุ) | G126: 10 | H126: UDN | I126: 2569 | K126: รื้อถอน Q2/26 | L126: Done | M126: ลงใต้ดิน+Re-route | N126: no | O126: 247424.8 | P126: 104220 | Q126: Approved | R126: 17.882823531101298, 102.74358291010638 | S126: 17.8851089,102.7502951 | T126: 60C | U126: 0.9 | V126: 2 | W126: =U126+V126 -> 2.9 | X126: 2568 | Y126: Q3
A127: 124 | B127: ต่างจังหวัด | C127: ยโสธร | D127: หักเสาไฟฟ้า | E127: UG66/KNG/0045 | F127: ถนนแจ้งสนิทบริเวณหน้าสถานีตำรวจภูธร เมืองยโสธร ถึง สี่แยกไฟแดง หน้าที่ว่าการอำเภอ เมืองยโสธร (2ฝั่งถนน) (บริเวณสี่แยกที่ว่าการอำเภอ - สถานีตำรวจภูธร เมืองยโสธร) | G127: 2 | H127: UBN | I127: 2569 | K127: รื้อถอน Q2/26 | L127: Wait Duct (NT) | M127: ลงใต้ดิน+Re-route | N127: no | O127: 977646 | P127: 57900 | Q127: Request | R127: 15.804817, 104.137315 | S127: 15.795572, 104.141701 | T127: 60C | U127: 0.5 | V127: 13 | W127: =U127+V127 -> 13.5 | X127: 2569 | Y127: Q3
A128: 125 | B128: ต่างจังหวัด | C128: ชลบุรี | D128: หักเสาไฟฟ้า | E128: UG66/BC1/0002 | F128: ถนนพัทยาสาย 2 (2 ฝั่งถนน) | G128: 3.4 | H128: CBI | I128: 2569 | K128: รื้อถอน Q3/26 | L128: Wait Duct (NT) | M128: เชา core NT | N128: no | O128: 200276 | P128: 57900 | Q128: Request | R128: 12.9366143,100.8862925 | S128: 12.9208509,100.8698331 | T128: 60C | U128: 0.5 | V128: 2 | W128: =U128+V128 -> 2.5 | X128: 2569 | Y128: Q4
A129: 126 | B129: ต่างจังหวัด | C129: สงขลา | D129: หักเสาไฟฟ้า | E129: UG65/BC1/0035 | F129: ถนนราษฎร์ยินดี ช่วง 3 (2 ฝั่งถนน) (ถนนศุภสารรังสรรค์ - ถนนเพชรเกษม) | G129: 2 | H129: HYI | I129: 2569 | K129: รื้อถอน Q3/26 | L129: Wait Duct (NT) | M129: ลงใต้ดิน+Re-route | N129: no | O129: 296482 | P129: 92640 | Q129: Request | R129: 7.007506257079446, 100.46914423615328 | S129: 7.009236829177314, 100.48115751904335 | T129: 144C | U129: 0.8 | V129: 1.1 | W129: =U129+V129 -> 1.9 | X129: 2570 | Y129: Q2
A130: 127 | B130: ต่างจังหวัด | C130: ภูเก็ต | D130: หักเสาไฟฟ้า | E130: UG68/LCA/0009 | F130: บริเวณถนนเทพกระษัตรี ถนนดีบุก ถนนภูเก็ต (2 ฝั่งถนน) | G130: 13.6 | H130: PKT | I130: 2569 | K130: รื้อถอน Q3/26 | L130: Onprocess | M130: ลงใต้ดิน+Re-route | N130: no | O130: 304014 | P130: 173700 | Q130: Approved | R130: 7.899611051464421, 98.38892048439538 | S130: 7.884781982599016, 98.39080401076137 | T130: 60C | U130: 1.5 | V130: 1.8 | W130: =U130+V130 -> 3.3 | X130: 2569 | Y130: Q2
A131: 128 | B131: ต่างจังหวัด | C131: กาญจนบุรี | D131: หักเสาไฟฟ้า | E131: UG68/LCA/0018 | F131: ถนนแสงซูโตหน้าสถานีขนส่ง ถนนอู่ทอง (2 ฝั่งถนน) | G131: 6 | H131: RBI | I131: 2569 | K131: รื้อถอน Q3/26 | L131: Wait Duct (NT) | M131: ลงใต้ดิน+Re-route | N131: no | O131: 494956 | P131: 347400 | Q131: Request | R131: 14.011385369242385, 99.53737969158759 | S131: 14.033058617314964, 99.52479854439986 | T131: 60C | U131: 3 | V131: 2 | W131: =U131+V131 -> 5 | X131: 2570 | Y131: Q2
A132: 129 | B132: ต่างจังหวัด | C132: อุบลราชธานี | D132: หักเสาไฟฟ้า | E132: UG65/KNG/0014 | F132: ถนนแจ้งสนิท เข้าและออก (หน้าศาลากลาง ถึงหน้าศาลปกครอง) (2 ฝั่งถนน) | G132: 1.6 | H132: UBN | I132: 2569 | K132: รื้อถอน Q3/26 | L132: Done | M132: ลงใต้ดิน+Re-route | N132: no | O132: 88685 | P132: 115800 | Q132: Approved | R132: 15.277319847111709, 104.79884699496078 | S132: 15.274111182195199, 104.80677224075812 | T132: 24C | U132: 1 | V132: 0.3 | W132: =U132+V132 -> 1.3 | X132: 2567 | Y132: Q4
A133: 130 | B133: ต่างจังหวัด | C133: เชียงใหม่ | D133: หักเสาไฟฟ้า | E133: UG68/BC1/0003 | F133: Lot 5 ถนนราชดำเนินและถนนสามล้าน (2 ฝั่งถนน) | G133: 5.4 | H133: CMI | I133: 2569 | K133: รื้อถอน Q3/26 | L133: Done | M133: ลงใต้ดิน+Re-route | N133: no | O133: 35000 | P133: 288000 | Q133: Request | R133: 18.787838, 98.993281 | S133: 18.781753, 98.981604 | T133: เช่า Core NT | U133: 0 | V133: 0 | W133: =U133+V133 -> 0 | X133: 2569 | Y133: Q3 | Z133: เช่า Core NT
A134: 131 | B134: ต่างจังหวัด | C134: ชลบุรี | D134: หักเสาไฟฟ้า | E134: UG68/LCA/0020_A | F134: บริเวณแยกวงเวียนหาดบางแสน - โรงแรมเอสทู (ช่วงที่ 3) (2 ฝั่งถนน) (วงเวียนหาดบางแสน - โรงแรมเอสทู (ช่วงที่ 3)) | G134: 4.4 | H134: CBI | I134: 2569 | K134: รื้อถอน Q3/26 | L134: n/a | M134: ไม่มีโครงข่าย | N134: no | O134: 0 | P134: 0 | Q134: n/a | R134: 13.2839883,100.9155507 | S134: 13.2987984,100.9022166 | T134: n/a | U134: 0 | V134: 0 | W134: =U134+V134 -> 0 | X134: n/a | Y134: n/a | Z134: ไม่กระทบสาย UIH
A135: 132 | B135: ต่างจังหวัด | C135: ระนอง | D135: หักเสาไฟฟ้า | E135: UG68/LCA/0008 | F135: บริเวณถนนเรืองราษฎร์ (แยกตลาดเก่า - ตลาดพม่า) จ.ระนอง (2 ฝั่งถนน) (แยกตลาดเก่า - ตลาดพม่า) | G135: 2.6 | H135: SNI | I135: 2569 | K135: รื้อถอน Q3/26 | L135: Onprocess | M135: ลงใต้ดิน+Re-route | N135: no | O135: 423822 | P135: 92640 | Q135: Approved | R135: 9.970274330707618, 98.63377192790058 | S135: 9.957007981862459, 98.63330946841668 | T135: 144C | U135: 0.8 | V135: 2.1 | W135: =U135+V135 -> 2.9 | X135: 2569 | Y135: Q2
A136: 133 | B136: ต่างจังหวัด | C136: ตาก | D136: หักเสาไฟฟ้า | E136: UG68/LCA/0012 | F136: ถนนประสาทวิถี (2 ฝั่งถนน) | G136: 3.4 | H136: PLK | I136: 2569 | K136: รื้อถอน Q3/26 | L136: Done/Remain Phase II | M136: ลงใต้ดิน+Re-route | N136: no | O136: 39709.6 | P136: 34740 | Q136: Request | R136: 16.71424120970143, 98.56247556587337 | S136: 16.71484482691017, 98.58016737571064 | T136: 12C | U136: 0.3 | V136: 0.7 | W136: =U136+V136 -> 1 | X136: 2570 | Y136: Q3
A137: 134 | B137: ต่างจังหวัด | C137: ปทุมธานี | D137: หักเสาไฟฟ้า | E137: UG69/LCA/0005 | F137: บริเวณถนนเลียบคลองสาม ช่วงที่ 1 จังหวัดปทุมธานี (2 ฝั่งถนน) | G137: 4.04 | H137: BKK2 | I137: 2569 | K137: รื้อถอน Q3/26 | L137: Done | M137: Re-route | N137: no | O137: 41196 | P137: 0 | Q137: Approved | R137: 14.047612,100.663507 | S137: 14.065783,100.663362 | T137: 12C | U137: 0 | V137: 1.2 | W137: =U137+V137 -> 1.2 | X137: 2568 | Y137: Q3
A138: 135 | B138: ต่างจังหวัด | C138: สงขลา | D138: หักเสาไฟฟ้า | E138: UG66/KNG/0050 | F138: จังหวัดสงขลา ถนนรามวิถี (2 ฝั่งถนน) (ถนนปละท่า - วิทยาลัยพยาบาล) | G138: 1.7 | H138: HYI | I138: 2569 | K138: รื้อถอน Q3/26 | L138: Done | M138: ลงใต้ดิน+Re-route | N138: no | O138: 395137 | P138: 173700 | Q138: Approved | R138: 7.202219112338126, 100.59184529938743 | S138: 7.196108299450994, 100.59354749748819 | T138: 144C | U138: 1.5 | V138: 0.8 | W138: =U138+V138 -> 2.3 | X138: 2568 | Y138: Q4
A139: 136 | B139: ต่างจังหวัด | C139: เชียงใหม่ | D139: หักเสาไฟฟ้า | E139: UG68/BC1/0004 | F139: Lot 8 ถนนทิพย์เนตร (2 ฝั่งถนน) | G139: 0.8 | H139: CMI | I139: 2569 | K139: รื้อถอน Q3/26 | L139: Done | M139: ลงใต้ดิน+Re-route | N139: no | O139: 153207 | P139: 115800 | Q139: Request | R139: 18.774821128945103, 98.98077192992662 | S139: 18.781176104485553, 98.98152976447875 | T139: 60C | U139: 1 | V139: 0.5 | W139: =U139+V139 -> 1.5 | X139: 2569 | Y139: Q3
A140: 137 | B140: ต่างจังหวัด | C140: สุโขทัย | D140: หักเสาไฟฟ้า | E140: UG68/LCA/0004 | F140: ถนนจรดวิถีถ่อง ในพื้นที่เทศบาลเมืองสุโขทัย (2 ฝั่งถนน) (โรงเรียนวัดไทยชุมพล - สหกรณ์ออมทรัพย์ครูสุโขทัย) | G140: 2 | H140: PLK | I140: 2569 | K140: รื้อถอน Q4/26 | L140: Done | M140: Re-route | N140: no | O140: 68660 | P140: 0 | Q140: Approved | R140: 17.015568653725552, 99.82090688156937 | S140: 17.019521684082314, 99.82140036481218 | T140: 12C | U140: 0 | V140: 2 | W140: =U140+V140 -> 2 | X140: 2568 | Y140: Q3
A141: 138 | B141: ต่างจังหวัด | C141: นครสวรรค์ | D141: ไม่หักเสาไฟฟ้า | E141: UG68/LCA/0008_A | F141: ถนนพหลโยธิน (2 ฝั่ง ถนน) (2 ฝั่งถนน) (สะพานเดชาติวงศ์ - สถานีไฟฟ้าแรงสูงจังหวัดนครสวรรค์) | G141: 14 | H141: PLK | I141: 2569 | K141: รื้อถอน Q4/26 | L141: Wait Duct (NT) | M141: ลงใต้ดิน+Re-route | N141: no | O141: 195030 | P141: 231600 | Q141: Request | R141: 15.70711345341102, 100.10214941451954 | S141: 15.689506415511515, 100.12340272580727 | T141: 24C | U141: 2 | V141: 1 | W141: =U141+V141 -> 3 | X141: 2569 | Y141: Q4
A142: 139 | B142: ต่างจังหวัด | C142: ปทุมธานี | D142: หักเสาไฟฟ้า | E142: UG68/LCA/0020 | F142: บริเวณเลียบคลองสาม ระยะที่ 2 (1 ฝั่งถนน ฝั่งตรงข้ามคลอง) (คลองสาม 5/1 - ซอยหมู่บ้านภัสสร 1) | G142: 2 | H142: BKK2 | I142: 2569 | K142: รื้อถอน Q4/26 | L142: Wait Duct (NT) | M142: ลงใต้ดิน+Re-route | N142: yes | O142: 90700 | P142: 57900 | Q142: Request | R142: 14.04762376273268, 100.66350388256419 | S142: 14.029830120787144, 100.66352589562734 | T142: 24C | U142: 0.5 | V142: 1.2 | W142: =U142+V142 -> 1.7 | X142: 2569 | Y142: Q4
A143: 140 | B143: ต่างจังหวัด | C143: ศรีสะเกษ | D143: หักเสาไฟฟ้า | E143: UG68/LCA/0014 | F143: ถนนอุบล (2 ฝั่งถนน) (รพ.ศรีสะเกษ - ห้วยน้ำคำ/ถนนขุขันธ์) | G143: 2.2 | H143: UBN | I143: 2569 | K143: รื้อถอน Q4/26 | L143: Onprocess | M143: ลงใต้ดิน+Re-route | N143: no | O143: 258470 | P143: 57900 | Q143: Request | R143: 15.114562, 104.320832 | S143: 15.113908, 104.343070 | T143: 24C | U143: 0.5 | V143: 5 | W143: =U143+V143 -> 5.5 | X143: 2569 | Y143: Q4
A144: 141 | B144: ต่างจังหวัด | C144: ศรีสะเกษ | D144: หักเสาไฟฟ้า | E144: UG68/LCA/0015 | F144: ถนนขุขันธ์ (2 ฝั่งถนน) (ตัดถนนเทพา - หน้าสยามนิสสัน) | G144: 4.6 | H144: UBN | I144: 2569 | K144: รื้อถอน Q4/26 | L144: Onprocess | M144: ลงใต้ดิน+Re-route | N144: no | O144: 258470 | P144: 57900 | Q144: Request | R144: 15.119861,104.329218 | S144: 15.100913987333088, 104.33231861329817 | T144: 24C | U144: 0.5 | V144: 5 | W144: =U144+V144 -> 5.5 | X144: 2569 | Y144: Q4
A145: 142 | B145: ต่างจังหวัด | C145: ตรัง | D145: หักเสาไฟฟ้า | E145: UG68/LCA/0017 | F145: ถนนห้วยยอด (2 ฝั่งถนน) | G145: 2.8 | H145: HYI | I145: 2569 | K145: รื้อถอน Q4/26 | L145: Wait Duct (NT) | M145: ลงใต้ดิน+Re-route | N145: no | O145: 240384.4 | P145: 138960 | Q145: Request | R145: 7.557995465149645, 99.60445182844136 | S145: 7.562356620934008, 99.60525196220617 | T145: 60C | U145: 1.2 | V145: 1.4 | W145: =U145+V145 -> 2.6 | X145: 2570 | Y145: Q3
A146: 143 | B146: ต่างจังหวัด | C146: พิษณุโลก | D146: หักเสาไฟฟ้า | E146: UG68/LCA/0016 | F146: ถนนพุทธบูชา ถนนพญาลีไท ถนนเอกาทศรถ ถนนมหาธรรมราชา ถนนบรมไตรโลกนาศ (2 ฝั่งถนน) | G146: 5.4 | H146: PLK | I146: 2569 | K146: รื้อถอน Q4/26 | L146: Done | M146: ลงใต้ดิน | N146: no | O146: 59238 | P146: 23160 | Q146: Approved | R146: 16.805097398348558, 100.24548701400074 | S146: 16.813560413796107, 100.26276999391412 | T146: 24C | U146: 0.2 | V146: 1 | W146: =U146+V146 -> 1.2 | X146: 2568 | Y146: Q3
A147: 144 | B147: ต่างจังหวัด | C147: เชียงราย | D147: หักเสาไฟฟ้า | E147: UG68/LCA/0006_A | F147: บริเวณถนนไตรรัตน์ ถนนสนามบิน ถนนบรรพปราการ และถนนอุตรกิจ อ.เมืองเชียงราย (2 ฝั่งถนน)(โรงพยาบาลเชียงรายประชานุเคราะห์ - โรงพยาบาลโอเวอร์บุค) | G147: 7.6 | H147: CMI | I147: 2569 | K147: รื้อถอน Q4/26 | L147: Done | M147: ลงใต้ดิน+Re-route | N147: no | O147: 61638 | P147: 81060 | Q147: Request | R147: 19.90198856005939, 99.82817546560489 | S147: 19.911151157998003, 99.8280398429926 | T147: 24C | U147: 0.7 | V147: 0.2 | W147: =U147+V147 -> 0.9 | X147: 2569 | Y147: Q4
A148: 145 | B148: ต่างจังหวัด | C148: พิจิตร | D148: หักเสาไฟฟ้า | E148: UG68/LCA/0019 | F148: บริเวณในเขตพื้นที่เทศบาลเมืองตะพานหิน (2 ฝั่งถนน) | G148: 11.36 | H148: PLK | I148: 2569 | K148: รื้อถอน Q4/26 | L148: n/a | M148: ไม่มีโครงข่าย | N148: no | O148: 0 | P148: 0 | Q148: n/a | R148: 16.212725981956204, 100.42003726573984 | S148: 16.21029164803761, 100.4193967151068 | T148: n/a | U148: 0 | V148: 0 | W148: =U148+V148 -> 0 | X148: n/a | Y148: n/a
A149: 146 | B149: ต่างจังหวัด | C149: สุโขทัย | D149: หักเสาไฟฟ้า | E149: UG68/LCA/0003 | F149: ถนนสิงหวัฒน์ ในพื้นที่เทศบาลเมืองสุโขทัย (2 ฝั่งถนน) (สะพานพระร่วง - สามแยกอินทรีย์) | G149: 2 | H149: PLK | I149: 2569 | K149: รื้อถอน Q4/26 | L149: Wait Duct (NT) | M149: ลงใต้ดิน+Re-route | N149: no | O149: 59238 | P149: 23160 | Q149: Request | R149: 17.008989269403955, 99.81777709229391 | S149: 17.011413500932896, 99.82067310285551 | T149: 24C | U149: 0.2 | V149: 1 | W149: =U149+V149 -> 1.2 | X149: 2569 | Y149: Q3
A150: 147 | B150: ต่างจังหวัด | C150: ตรัง | D150: หักเสาไฟฟ้า | E150: UG68/LCA/0001 | F150: บริเวณถนนเจิมปัญญา, รื่นรมย์, พัทลุง และรัษฎา ในพื้นที่เทศบาลเมืองตรัง อ.เมืองตรัง (2 ฝั่งถนน)(จุดตัดถนนรัษฎา - อนุสาวรีย์พระยารัษฎานุประดิษฐ์ฯ) | G150: 3 | H150: HYI | I150: 2569 | K150: รื้อถอน Q4/26 | L150: Done | M150: ลงใต้ดิน+Re-route | N150: no | O150: 358283 | P150: 289500 | Q150: Approved | R150: 7.557911, 99.612621 | S150: 7.542650, 99.615902 | T150: 60C | U150: 2.5 | V150: 0.9 | W150: =U150+V150 -> 3.4 | X150: 2568 | Y150: Q3
A151: 148 | B151: ต่างจังหวัด | C151: ปทุมธานี | D151: หักเสาไฟฟ้า | E151: UG68/LCA/0002 | F151: บริเวณถนนรังสิต - ปทุมธานี ตั้งแต่บริเวณรางรถไฟ ถึง ท่ารถต่างจังหวัด จ.ปทุมธานี (2 ฝั่งถนน) (บริเวณรางรถไฟ - ท่ารถต่างจังหวัด) | G151: 3 | H151: BKK2 | I151: 2569 | K151: รื้อถอน Q4/26 | L151: Wait Duct (NT) | M151: ลงใต้ดิน+Re-route | N151: no | O151: 689302 | P151: 370560 | Q151: Request | R151: 13.988481986036142, 100.61523878243305 | S151: 13.986233079629509, 100.60267530840942 | T151: 144C | U151: 3.2 | V151: 0.5 | W151: =U151+V151 -> 3.7 | X151: 2570 | Y151: Q2
A152: 149 | B152: ต่างจังหวัด | C152: เชียงราย | D152: หักเสาไฟฟ้า | E152: UG68/LCA/0005 | F152: บริเวณถนนเหมืองแดง และป่ายาง ในพื้นที่เทศบาลตำบลแม่สาย (2 ฝั่งถนน) (จุตตัตถนนพหลโยธิน -คลองขลประธาน) | G152: 4 | H152: CMI | I152: 2569 | K152: รื้อถอน Q4/26 | L152: Done | M152: ลงใต้ดิน+Re-route | N152: no | O152: 46550 | P152: 57900 | Q152: Request | R152: 20.43887353757458, 99.88301910978014 | S152: 20.439028039961926, 99.89357075905973 | T152: 24C | U152: 0.5 | V152: 0.2 | W152: =U152+V152 -> 0.7 | X152: 2569 | Y152: Q4
A153: 150 | B153: ต่างจังหวัด | C153: ชลบุรี | D153: หักเสาไฟฟ้า | E153: UG68/LCA/0007 | F153: บริเวณถนนจอมเทียนสาย 2 เมืองพัทยา (2 ฝั่งถนน) (สวนสาธารณะหนองตะแบก - จุดตัดถนนสุขุมวิทย์) | G153: 10 | H153: CBI | I153: 2569 | K153: รื้อถอน Q4/26 | L153: Wait Duct (NT) | M153: ลงใต้ดิน | N153: no | O153: 141446.4 | P153: 138960 | Q153: Request | R153: 12.8838029,100.8854915 | S153: 12.8719797,100.9022803 | T153: 60C | U153: 1.2 | V153: 0 | W153: =U153+V153 -> 1.2 | X153: 2569 | Y153: Q4
A154: 151 | B154: ต่างจังหวัด | C154: ภูเก็ต | D154: หักเสาไฟฟ้า | E154: UG69/LCA/0015 | F154: บริเวณหาดป่าตอง,สวัสดิรักษ์,บางลา,ร่วมใจ และประชานุเคราะห์ (2 ฝั่งถนน) | G154: 8.4 | H154: PKT | I154: 2570 | L154: Wait Duct (NT) | M154: ลงใต้ดิน+Re-route | N154: no | O154: 732225 | P154: 289500 | Q154: Approved | R154: 7.882211820587886, 98.29368265878584 | S154: 7.887290591153149, 98.29123527718517 | T154: 216C | U154: 2.5 | V154: 0 | W154: =U154+V154 -> 2.5 | X154: 2570 | Y154: Q3
A155: 152 | B155: ต่างจังหวัด | C155: ชลบุรี | D155: หักเสาไฟฟ้า | E155: UG69/LCA/0010 | F155: ถนนตอนหัวฬ่อ (2 ฝั่งถนน) (ร้านฟริ้นสโตน - โกดังดับเบิลยูเอชเอ) | G155: 5.2 | H155: CBI | I155: 2570 | L155: Wait Duct (NT) | M155: ลงใต้ดิน | N155: no | O155: 282839.6 | P155: 208440 | Q155: Request | R155: 13.4120526,101.0440291 | S155: 13.4240506,101.0404817 | T155: 60C | U155: 1.8 | V155: 1 | W155: =U155+V155 -> 2.8 | X155: 2570 | Y155: Q2
A156: 153 | B156: ต่างจังหวัด | C156: ชลบุรี | D156: หักเสาไฟฟ้า | E156: UG69/LCA/0019 | F156: ถนนสุรศักดิ์ 2 (2 ฝั่งถนน) | G156: 2.4 | H156: CBI | I156: 2570 | L156: Wait Duct (NT) | M156: ลงใต้ดิน | N156: no | O156: 118668.6 | P156: 34740 | Q156: Request | R156: 13.1727996,100.9314502 | S156: 13.1734952,100.9264708 | T156: 12C | U156: 0.3 | V156: 3 | W156: =U156+V156 -> 3.3 | X156: 2570 | Y156: Q2
...

Sheet UG_NBT y2569-2571 (mat)
A1: 0.95 | B1: 0.15 | G1: =SUBTOTAL(9,G4:G201) -> 961.01 | L1: =SUBTOTAL(3,L4:L201) -> 172 | M1: =SUBTOTAL(3,M4:M201) -> 172 | N1: =SUBTOTAL(3,N4:N201) -> 172 | O1: =SUBTOTAL(9,O4:O201) -> 96426913 | P1: =SUBTOTAL(9,P4:P201) -> 50705470 | Q1: =SUBTOTAL(9,Q4:Q201) -> 0 | T1: =SUBTOTAL(3,T4:T201) -> 172 | U1: =SUBTOTAL(3,U4:U201) -> 7 | V1: =SUBTOTAL(3,V4:V201) -> 20 | W1: =SUBTOTAL(3,W4:W201) -> 61 | X1: =SUBTOTAL(3,X4:X201) -> 64 | Y1: =SUBTOTAL(3,Y4:Y201) -> 6 | AD1: =SUBTOTAL(9,AD4:AD201) -> 633.9275 | AE1: =SUBTOTAL(9,AE4:AE201) -> 182.9275 | AF1: =SUBTOTAL(9,AF4:AF201) -> 814.355 | AG1: =SUBTOTAL(3,AG4:AG201) -> 172 | AH1: =SUBTOTAL(3,AH4:AH201) -> 172
R2: Design | S2: Design | T2: Design | AD2: Design | AE2: Design | AG2: Design | AH2: Design
A3: ลำดับ | B3: พื้นที่ | C3: จังหวัด | D3: หักเสา | E3: รหัสเส้นทาง | F3: เส้นทาง | G3: ระยะท่อ (กม.) | H3: UIH SC | I3: Year plan | J3: แผนท่อเสร็จ | K3: เริ่มตัด | L3: Status UIH | M3: Solution (plan) | N3: Fiber Sharing | O3: CAPEX (estimate) | P3: OPEX/year (estimate) | Q3: Budget of work | R3: พิกัดต้นทาง | S3: พิกัดปลายทาง | T3: OFC Type (A+B) | U3: 12C | V3: 24C | W3: 60C | X3: 144C | Y3: 216C | Z3: Enclosure 12C/24C | AA3: Enclosure 60C | AB3: Enclosure 144C | AC3: Enclosure 312C | AD3: (A)ระยะลงท่อ (km) | AE3: (B) ระยะบนเสาไฟฟ้า (km) | AF3: (A)+(B) ระยะรวม (km) | AG3: ปีที่ใช้งบประมาณ | AH3: ไตรมาสที่ใช้งบประมาณ
A4: 1 | B4: กรุงเทพมหานครและปริมณฑล | C4: กรุงเทพมหานคร | D4: หักเสาไฟฟ้า | E4: UG66/MSN/0005 | F4: ถนนอังรีดูนังด์(พระรามที่ 1 -พระรามที่ 4) | G4: 3.6 | H4: BKK4 | I4: 2569 | J4: เสร็จแล้ว | K4: ตัดแล้ว | L4: Done | M4: ลงใต้ดิน | N4: yes | O4: 574206 | P4: 185280 | Q4: Approved | R4: 13.730941310301457, 100.53364854197581 | S4: 13.745285309076259, 100.53588236120147 | T4: 144C | X4: =AF4 -> 3.96 | Z4: {=_xlfn.LET( _xlpm.a,IF(ISNUMBER($U4),$U4,IFERROR(_xlfn.NUMBERVALUE(TRIM($U4)),0)), _xlpm.b,IF(ISNUMBER($V4),$V4,IFERROR(_xlfn.NUMBERVALUE(TRIM($V4)),0)), _xlpm.score,_xlfn.LAMBDA(_xlpm.x,_xlfn.IFS(_xlpm.x<0,0,_xlpm.x=0,0,_xlpm.x<=0.5,2,_xlpm.x<=1,3,_xlpm.x<=1.5,4, _xlpm.x<=2,5,_xlpm.x<=3,6,_xlpm.x<=4,7,_xlpm.x<=5,8,_xlpm.x>5,9)), _xlpm.score(_xlpm.a)+_xlpm.score(_xlpm.b))} -> 0 | AA4: {=_xlfn.IFS($W4=0,0,AND($W4>0,$W4<=0.5),2,AND($W4>0.5,$W4<=1),3,AND($W4>1,$W4<=1.5),4,AND($W4>1.5,$W4<=2),5,AND($W4>2,$W4<=3),6,AND($W4>3,$W4<=4),7,$W4>4,8)} -> 0 | AB4: {=_xlfn.IFS($X4=0,0,AND($X4>0,$X4<=0.5),2,AND($X4>0.5,$X4<=1),3,AND($X4>1,$X4<=1.5),4,AND($X4>1.5,$X4<=2),5,AND($X4>2,$X4<=3),6,AND($X4>3,$X4<=4),7,$X4>4,8)} -> 7 | AC4: {=_xlfn.IFS($Y4=0,0,AND($Y4>0,$Y4<=0.5),2,AND($Y4>0.5,$Y4<=1),3,AND($Y4>1,$Y4<=1.5),4,AND($Y4>1.5,$Y4<=2),5,AND($Y4>2,$Y4<=3),6,AND($Y4>3,$Y4<=4),7,$Y4>4,8)} -> 0 | AD4: 3.42 | AE4: 0.54 | AF4: =AD4+AE4 -> 3.96 | AG4: 2568 | AH4: Q3
A5: 2 | B5: กรุงเทพมหานครและปริมณฑล | C5: กรุงเทพมหานคร | D5: หักเสาไฟฟ้า | E5: UG66/MSN/0001 | F5: ถนนจรัญสนิทวงศ์ ช่วงที่ 2 (แยกบางพลัด - ถนนบรมราชชนนี) | G5: 3.7 | H5: BKK1 | I5: 2569 | J5: 45658 | K5: 46081 | L5: Done | M5: ลงใต้ดิน | N5: yes | O5: 920982.58 | P5: 495000 | Q5: Approved | R5: 13.784568460507492, 100.49439125627126 | S5: 13.773351404499168, 100.48190426894638 | T5: 144C | X5: =AF5 -> 4.07 | Z5: {=_xlfn.LET( _xlpm.a,IF(ISNUMBER($U5),$U5,IFERROR(_xlfn.NUMBERVALUE(TRIM($U5)),0)), _xlpm.b,IF(ISNUMBER($V5),$V5,IFERROR(_xlfn.NUMBERVALUE(TRIM($V5)),0)), _xlpm.score,_xlfn.LAMBDA(_xlpm.x,_xlfn.IFS(_xlpm.x<0,0,_xlpm.x=0,0,_xlpm.x<=0.5,2,_xlpm.x<=1,3,_xlpm.x<=1.5,4, _xlpm.x<=2,5,_xlpm.x<=3,6,_xlpm.x<=4,7,_xlpm.x<=5,8,_xlpm.x>5,9)), _xlpm.score(_xlpm.a)+_xlpm.score(_xlpm.b))} -> 0 | AA5: {=_xlfn.IFS($W5=0,0,AND($W5>0,$W5<=0.5),2,AND($W5>0.5,$W5<=1),3,AND($W5>1,$W5<=1.5),4,AND($W5>1.5,$W5<=2),5,AND($W5>2,$W5<=3),6,AND($W5>3,$W5<=4),7,$W5>4,8)} -> 0 | AB5: {=_xlfn.IFS($X5=0,0,AND($X5>0,$X5<=0.5),2,AND($X5>0.5,$X5<=1),3,AND($X5>1,$X5<=1.5),4,AND($X5>1.5,$X5<=2),5,AND($X5>2,$X5<=3),6,AND($X5>3,$X5<=4),7,$X5>4,8)} -> 8 | AC5: {=_xlfn.IFS($Y5=0,0,AND($Y5>0,$Y5<=0.5),2,AND($Y5>0.5,$Y5<=1),3,AND($Y5>1,$Y5<=1.5),4,AND($Y5>1.5,$Y5<=2),5,AND($Y5>2,$Y5<=3),6,AND($Y5>3,$Y5<=4),7,$Y5>4,8)} -> 0 | AD5: 3.515 | AE5: 0.555 | AF5: =AD5+AE5 -> 4.07 | AG5: 2568 | AH5: Q4
A6: 3 | B6: กรุงเทพมหานครและปริมณฑล | C6: กรุงเทพมหานคร | D6: ไม่หักเสาไฟฟ้า | E6: UG66/OTH/0018 | F6: ถนนเยาวราช โซนที่ 5 (2 ฝั่งถนน) (ถนนทรงสวัสดิ์ - ซุ้มประตูเฉลิมพระเกียรติ 6 รอบพระชนมพรรษา) | G6: 0.6 | H6: BKK4 | I6: 2569 | J6: 45716 | K6: 46064 | L6: Done | M6: ลงใต้ดิน | N6: yes | O6: 126596.98 | P6: 36775.272 | Q6: Approved | R6: 13.739407567111556, 100.51147056044779 | S6: 13.737353625608659, 100.51294350981958 | T6: 60C | W6: =AF6 -> 0.66 | Z6: {=_xlfn.LET( _xlpm.a,IF(ISNUMBER($U6),$U6,IFERROR(_xlfn.NUMBERVALUE(TRIM($U6)),0)), _xlpm.b,IF(ISNUMBER($V6),$V6,IFERROR(_xlfn.NUMBERVALUE(TRIM($V6)),0)), _xlpm.score,_xlfn.LAMBDA(_xlpm.x,_xlfn.IFS(_xlpm.x<0,0,_xlpm.x=0,0,_xlpm.x<=0.5,2,_xlpm.x<=1,3,_xlpm.x<=1.5,4, _xlpm.x<=2,5,_xlpm.x<=3,6,_xlpm.x<=4,7,_xlpm.x<=5,8,_xlpm.x>5,9)), _xlpm.score(_xlpm.a)+_xlpm.score(_xlpm.b))} -> 0 | AA6: {=_xlfn.IFS($W6=0,0,AND($W6>0,$W6<=0.5),2,AND($W6>0.5,$W6<=1),3,AND($W6>1,$W6<=1.5),4,AND($W6>1.5,$W6<=2),5,AND($W6>2,$W6<=3),6,AND($W6>3,$W6<=4),7,$W6>4,8)} -> 3 | AB6: {=_xlfn.IFS($X6=0,0,AND($X6>0,$X6<=0.5),2,AND($X6>0.5,$X6<=1),3,AND($X6>1,$X6<=1.5),4,AND($X6>1.5,$X6<=2),5,AND($X6>2,$X6<=3),6,AND($X6>3,$X6<=4),7,$X6>4,8)} -> 0 | AC6: {=_xlfn.IFS($Y6=0,0,AND($Y6>0,$Y6<=0.5),2,AND($Y6>0.5,$Y6<=1),3,AND($Y6>1,$Y6<=1.5),4,AND($Y6>1.5,$Y6<=2),5,AND($Y6>2,$Y6<=3),6,AND($Y6>3,$Y6<=4),7,$Y6>4,8)} -> 0 | AD6: 0.57 | AE6: 0.09 | AF6: =AD6+AE6 -> 0.66 | AG6: 2568 | AH6: Q4
A7: 4 | B7: กรุงเทพมหานครและปริมณฑล | C7: กรุงเทพมหานคร | D7: หักเสาไฟฟ้า | E7: UG68/MSN/0004 | F7: ถนนประชาราษฎร์ สาย 2 (2 ฝั่งถนน) (แยกบางโพ - แม่น้ำเจ้าพระยา) | G7: 0.5 | H7: BKK2 | I7: 2569 | J7: 45808 | K7: 46091 | L7: Done | M7: ลงใต้ดิน | N7: yes | O7: 28750 | P7: 14036.364 | Q7: Approved | R7: 13.80636889371856, 100.52158110006106 | S7: 13.806316740574633, 100.51924673175483 | T7: 60C | W7: =AF7 -> 0.55 | Z7: {=_xlfn.LET( _xlpm.a,IF(ISNUMBER($U7),$U7,IFERROR(_xlfn.NUMBERVALUE(TRIM($U7)),0)), _xlpm.b,IF(ISNUMBER($V7),$V7,IFERROR(_xlfn.NUMBERVALUE(TRIM($V7)),0)), _xlpm.score,_xlfn.LAMBDA(_xlpm.x,_xlfn.IFS(_xlpm.x<0,0,_xlpm.x=0,0,_xlpm.x<=0.5,2,_xlpm.x<=1,3,_xlpm.x<=1.5,4, _xlpm.x<=2,5,_xlpm.x<=3,6,_xlpm.x<=4,7,_xlpm.x<=5,8,_xlpm.x>5,9)), _xlpm.score(_xlpm.a)+_xlpm.score(_xlpm.b))} -> 0 | AA7: {=_xlfn.IFS($W7=0,0,AND($W7>0,$W7<=0.5),2,AND($W7>0.5,$W7<=1),3,AND($W7>1,$W7<=1.5),4,AND($W7>1.5,$W7<=2),5,AND($W7>2,$W7<=3),6,AND($W7>3,$W7<=4),7,$W7>4,8)} -> 3 | AB7: {=_xlfn.IFS($X7=0,0,AND($X7>0,$X7<=0.5),2,AND($X7>0.5,$X7<=1),3,AND($X7>1,$X7<=1.5),4,AND($X7>1.5,$X7<=2),5,AND($X7>2,$X7<=3),6,AND($X7>3,$X7<=4),7,$X7>4,8)} -> 0 | AC7: {=_xlfn.IFS($Y7=0,0,AND($Y7>0,$Y7<=0.5),2,AND($Y7>0.5,$Y7<=1),3,AND($Y7>1,$Y7<=1.5),4,AND($Y7>1.5,$Y7<=2),5,AND($Y7>2,$Y7<=3),6,AND($Y7>3,$Y7<=4),7,$Y7>4,8)} -> 0 | AD7: 0.475 | AE7: 0.075 | AF7: =AD7+AE7 -> 0.55 | AG7: 2569 | AH7: Q2
A8: 5 | B8: กรุงเทพมหานครและปริมณฑล | C8: กรุงเทพมหานคร | D8: หักเสาไฟฟ้า | E8: UG67/MSN/0001 | F8: ถนนประชาราษฎร์ สาย 2 (2 ฝั่งถนน) (แยกประชาชื่น - แยกบางโพ) | G8: 2.8 | H8: BKK2 | I8: 2569 | J8: 45808 | K8: 46077 | L8: Done | M8: ลงใต้ดิน | N8: yes | O8: 161000 | P8: 78603.636 | Q8: Approved | R8: 13.805650769000955, 100.5332038528518 | S8: 13.80636889371856, 100.52158110006106 | T8: 60C | W8: =AF8 -> 3.08 | Z8: {=_xlfn.LET( _xlpm.a,IF(ISNUMBER($U8),$U8,IFERROR(_xlfn.NUMBERVALUE(TRIM($U8)),0)), _xlpm.b,IF(ISNUMBER($V8),$V8,IFERROR(_xlfn.NUMBERVALUE(TRIM($V8)),0)), _xlpm.score,_xlfn.LAMBDA(_xlpm.x,_xlfn.IFS(_xlpm.x<0,0,_xlpm.x=0,0,_xlpm.x<=0.5,2,_xlpm.x<=1,3,_xlpm.x<=1.5,4, _xlpm.x<=2,5,_xlpm.x<=3,6,_xlpm.x<=4,7,_xlpm.x<=5,8,_xlpm.x>5,9)), _xlpm.score(_xlpm.a)+_xlpm.score(_xlpm.b))} -> 0 | AA8: {=_xlfn.IFS($W8=0,0,AND($W8>0,$W8<=0.5),2,AND($W8>0.5,$W8<=1),3,AND($W8>1,$W8<=1.5),4,AND($W8>1.5,$W8<=2),5,AND($W8>2,$W8<=3),6,AND($W8>3,$W8<=4),7,$W8>4,8)} -> 7 | AB8: {=_xlfn.IFS($X8=0,0,AND($X8>0,$X8<=0.5),2,AND($X8>0.5,$X8<=1),3,AND($X8>1,$X8<=1.5),4,AND($X8>1.5,$X8<=2),5,AND($X8>2,$X8<=3),6,AND($X8>3,$X8<=4),7,$X8>4,8)} -> 0 | AC8: {=_xlfn.IFS($Y8=0,0,AND($Y8>0,$Y8<=0.5),2,AND($Y8>0.5,$Y8<=1),3,AND($Y8>1,$Y8<=1.5),4,AND($Y8>1.5,$Y8<=2),5,AND($Y8>2,$Y8<=3),6,AND($Y8>3,$Y8<=4),7,$Y8>4,8)} -> 0 | AD8: 2.66 | AE8: 0.42 | AF8: =AD8+AE8 -> 3.08 | AG8: 2569 | AH8: Q2
A9: 6 | B9: กรุงเทพมหานครและปริมณฑล | C9: กรุงเทพมหานคร | D9: หักเสาไฟฟ้า | E9: UG66/MSN/0003 | F9: ถนนจรัญสนิทวงศ์ ช่วงที่ 2 (2 ฝั่งถนน) (ถนนบรมราชชนนี - ถนนสุทธาวาส) | G9: 3 | H9: BKK1 | I9: 2569 | J9: 45658 | K9: 46111 | L9: Done | M9: ลงใต้ดิน | N9: yes | O9: 637974.77 | P9: 313671.84 | Q9: Approved | R9: 13.773351404499168, 100.48190426894638 | S9: 13.762829108215561, 100.47280943699901 | T9: 60C | W9: =AF9 -> 3.3 | Z9: {=_xlfn.LET( _xlpm.a,IF(ISNUMBER($U9),$U9,IFERROR(_xlfn.NUMBERVALUE(TRIM($U9)),0)), _xlpm.b,IF(ISNUMBER($V9),$V9,IFERROR(_xlfn.NUMBERVALUE(TRIM($V9)),0)), _xlpm.score,_xlfn.LAMBDA(_xlpm.x,_xlfn.IFS(_xlpm.x<0,0,_xlpm.x=0,0,_xlpm.x<=0.5,2,_xlpm.x<=1,3,_xlpm.x<=1.5,4, _xlpm.x<=2,5,_xlpm.x<=3,6,_xlpm.x<=4,7,_xlpm.x<=5,8,_xlpm.x>5,9)), _xlpm.score(_xlpm.a)+_xlpm.score(_xlpm.b))} -> 0 | AA9: {=_xlfn.IFS($W9=0,0,AND($W9>0,$W9<=0.5),2,AND($W9>0.5,$W9<=1),3,AND($W9>1,$W9<=1.5),4,AND($W9>1.5,$W9<=2),5,AND($W9>2,$W9<=3),6,AND($W9>3,$W9<=4),7,$W9>4,8)} -> 7 | AB9: {=_xlfn.IFS($X9=0,0,AND($X9>0,$X9<=0.5),2,AND($X9>0.5,$X9<=1),3,AND($X9>1,$X9<=1.5),4,AND($X9>1.5,$X9<=2),5,AND($X9>2,$X9<=3),6,AND($X9>3,$X9<=4),7,$X9>4,8)} -> 0 | AC9: {=_xlfn.IFS($Y9=0,0,AND($Y9>0,$Y9<=0.5),2,AND($Y9>0.5,$Y9<=1),3,AND($Y9>1,$Y9<=1.5),4,AND($Y9>1.5,$Y9<=2),5,AND($Y9>2,$Y9<=3),6,AND($Y9>3,$Y9<=4),7,$Y9>4,8)} -> 0 | AD9: 2.85 | AE9: 0.45 | AF9: =AD9+AE9 -> 3.3 | AG9: 2568 | AH9: Q1
A10: 7 | B10: กรุงเทพมหานครและปริมณฑล | C10: กรุงเทพมหานคร | D10: ไม่หักเสาไฟฟ้า | E10: UG65/OTH/0001 | F10: ถนนมหาราช (2 ฝั่งถนน) (ถนนหน้าพระลาน - ถนนพระจันทร์) | G10: 1 | H10: BKK4 | I10: 2569 | J10: 45716 | K10: 46112 | L10: n/a | M10: ไม่มีโครงข่าย | N10: no | O10: 0 | P10: 0 | Q10: n/a | R10: 13.752349559081285, 100.48952032574502 | S10: 13.756307989636536, 100.48963246494628 | T10: n/a | Z10: {=_xlfn.LET( _xlpm.a,IF(ISNUMBER($U10),$U10,IFERROR(_xlfn.NUMBERVALUE(TRIM($U10)),0)), _xlpm.b,IF(ISNUMBER($V10),$V10,IFERROR(_xlfn.NUMBERVALUE(TRIM($V10)),0)), _xlpm.score,_xlfn.LAMBDA(_xlpm.x,_xlfn.IFS(_xlpm.x<0,0,_xlpm.x=0,0,_xlpm.x<=0.5,2,_xlpm.x<=1,3,_xlpm.x<=1.5,4, _xlpm.x<=2,5,_xlpm.x<=3,6,_xlpm.x<=4,7,_xlpm.x<=5,8,_xlpm.x>5,9)), _xlpm.score(_xlpm.a)+_xlpm.score(_xlpm.b))} -> 0 | AA10: {=_xlfn.IFS($W10=0,0,AND($W10>0,$W10<=0.5),2,AND($W10>0.5,$W10<=1),3,AND($W10>1,$W10<=1.5),4,AND($W10>1.5,$W10<=2),5,AND($W10>2,$W10<=3),6,AND($W10>3,$W10<=4),7,$W10>4,8)} -> 0 | AB10: {=_xlfn.IFS($X10=0,0,AND($X10>0,$X10<=0.5),2,AND($X10>0.5,$X10<=1),3,AND($X10>1,$X10<=1.5),4,AND($X10>1.5,$X10<=2),5,AND($X10>2,$X10<=3),6,AND($X10>3,$X10<=4),7,$X10>4,8)} -> 0 | AC10: {=_xlfn.IFS($Y10=0,0,AND($Y10>0,$Y10<=0.5),2,AND($Y10>0.5,$Y10<=1),3,AND($Y10>1,$Y10<=1.5),4,AND($Y10>1.5,$Y10<=2),5,AND($Y10>2,$Y10<=3),6,AND($Y10>3,$Y10<=4),7,$Y10>4,8)} -> 0 | AD10: 0 | AE10: 0 | AF10: =AD10+AE10 -> 0 | AG10: n/a | AH10: n/a
A11: 8 | B11: กรุงเทพมหานครและปริมณฑล | C11: กรุงเทพมหานคร | D11: ไม่หักเสาไฟฟ้า | E11: UG66/OTH/0013 | F11: ถนนดินสอ (2 ฝั่งถนน) (ถนนราชดำเนินกลาง - ถนนบำรุงเมือง) | G11: 1 | H11: BKK4 | I11: 2569 | J11: 45716 | K11: 46112 | L11: n/a | M11: ไม่มีโครงข่าย | N11: no | O11: 0 | P11: 0 | Q11: n/a | R11: 13.756336780416937, 100.50172473113246 | S11: 13.751996814090212, 100.50091911156224 | T11: n/a | Z11: {=_xlfn.LET( _xlpm.a,IF(ISNUMBER($U11),$U11,IFERROR(_xlfn.NUMBERVALUE(TRIM($U11)),0)), _xlpm.b,IF(ISNUMBER($V11),$V11,IFERROR(_xlfn.NUMBERVALUE(TRIM($V11)),0)), _xlpm.score,_xlfn.LAMBDA(_xlpm.x,_xlfn.IFS(_xlpm.x<0,0,_xlpm.x=0,0,_xlpm.x<=0.5,2,_xlpm.x<=1,3,_xlpm.x<=1.5,4, _xlpm.x<=2,5,_xlpm.x<=3,6,_xlpm.x<=4,7,_xlpm.x<=5,8,_xlpm.x>5,9)), _xlpm.score(_xlpm.a)+_xlpm.score(_xlpm.b))} -> 0 | AA11: {=_xlfn.IFS($W11=0,0,AND($W11>0,$W11<=0.5),2,AND($W11>0.5,$W11<=1),3,AND($W11>1,$W11<=1.5),4,AND($W11>1.5,$W11<=2),5,AND($W11>2,$W11<=3),6,AND($W11>3,$W11<=4),7,$W11>4,8)} -> 0 | AB11: {=_xlfn.IFS($X11=0,0,AND($X11>0,$X11<=0.5),2,AND($X11>0.5,$X11<=1),3,AND($X11>1,$X11<=1.5),4,AND($X11>1.5,$X11<=2),5,AND($X11>2,$X11<=3),6,AND($X11>3,$X11<=4),7,$X11>4,8)} -> 0 | AC11: {=_xlfn.IFS($Y11=0,0,AND($Y11>0,$Y11<=0.5),2,AND($Y11>0.5,$Y11<=1),3,AND($Y11>1,$Y11<=1.5),4,AND($Y11>1.5,$Y11<=2),5,AND($Y11>2,$Y11<=3),6,AND($Y11>3,$Y11<=4),7,$Y11>4,8)} -> 0 | AD11: 0 | AE11: 0 | AF11: =AD11+AE11 -> 0 | AG11: n/a | AH11: n/a
A12: 9 | B12: กรุงเทพมหานครและปริมณฑล | C12: กรุงเทพมหานคร | D12: ไม่หักเสาไฟฟ้า | E12: UG67/OTH/0007 | F12: ถนนพระจันทร์ (2 ฝั่งถนน) (ถนนมหาราช - ถนนหน้าพระธาตุ) | G12: 0.6 | H12: BKK4 | I12: 2569 | J12: 45716 | K12: 46112 | L12: n/a | M12: ไม่มีโครงข่าย | N12: no | O12: 0 | P12: 0 | Q12: n/a | R12: 13.756315478100502, 100.48962466125836 | S12: 13.755464330915798, 100.49212710949539 | T12: n/a | Z12: {=_xlfn.LET( _xlpm.a,IF(ISNUMBER($U12),$U12,IFERROR(_xlfn.NUMBERVALUE(TRIM($U12)),0)), _xlpm.b,IF(ISNUMBER($V12),$V12,IFERROR(_xlfn.NUMBERVALUE(TRIM($V12)),0)), _xlpm.score,_xlfn.LAMBDA(_xlpm.x,_xlfn.IFS(_xlpm.x<0,0,_xlpm.x=0,0,_xlpm.x<=0.5,2,_xlpm.x<=1,3,_xlpm.x<=1.5,4, _xlpm.x<=2,5,_xlpm.x<=3,6,_xlpm.x<=4,7,_xlpm.x<=5,8,_xlpm.x>5,9)), _xlpm.score(_xlpm.a)+_xlpm.score(_xlpm.b))} -> 0 | AA12: {=_xlfn.IFS($W12=0,0,AND($W12>0,$W12<=0.5),2,AND($W12>0.5,$W12<=1),3,AND($W12>1,$W12<=1.5),4,AND($W12>1.5,$W12<=2),5,AND($W12>2,$W12<=3),6,AND($W12>3,$W12<=4),7,$W12>4,8)} -> 0 | AB12: {=_xlfn.IFS($X12=0,0,AND($X12>0,$X12<=0.5),2,AND($X12>0.5,$X12<=1),3,AND($X12>1,$X12<=1.5),4,AND($X12>1.5,$X12<=2),5,AND($X12>2,$X12<=3),6,AND($X12>3,$X12<=4),7,$X12>4,8)} -> 0 | AC12: {=_xlfn.IFS($Y12=0,0,AND($Y12>0,$Y12<=0.5),2,AND($Y12>0.5,$Y12<=1),3,AND($Y12>1,$Y12<=1.5),4,AND($Y12>1.5,$Y12<=2),5,AND($Y12>2,$Y12<=3),6,AND($Y12>3,$Y12<=4),7,$Y12>4,8)} -> 0 | AD12: 0 | AE12: 0 | AF12: =AD12+AE12 -> 0 | AG12: n/a | AH12: n/a
A13: 10 | B13: กรุงเทพมหานครและปริมณฑล | C13: กรุงเทพมหานคร | D13: ไม่หักเสาไฟฟ้า | E13: UG67/OTH/0008 | F13: ถนนศิริพงษ์ (รอบศาลาว่าการ กทม.) (1 ฝั่งถนน) (ถนนดินสอ - ถนนบำรุงเมือง) | G13: 0.4 | H13: BKK4 | I13: 2569 | J13: 45716 | K13: 46112 | L13: Done | M13: Re-route | N13: no | O13: 32500 | P13: =9650*0.1*12 -> 11580 | Q13: Approved | R13: 13.754652717659106, 100.50137705611867 | S13: 13.751914974521213, 100.50199713785821 | T13: 12C | U13: =AF13 -> 0.44 | Z13: {=_xlfn.LET( _xlpm.a,IF(ISNUMBER($U13),$U13,IFERROR(_xlfn.NUMBERVALUE(TRIM($U13)),0)), _xlpm.b,IF(ISNUMBER($V13),$V13,IFERROR(_xlfn.NUMBERVALUE(TRIM($V13)),0)), _xlpm.score,_xlfn.LAMBDA(_xlpm.x,_xlfn.IFS(_xlpm.x<0,0,_xlpm.x=0,0,_xlpm.x<=0.5,2,_xlpm.x<=1,3,_xlpm.x<=1.5,4, _xlpm.x<=2,5,_xlpm.x<=3,6,_xlpm.x<=4,7,_xlpm.x<=5,8,_xlpm.x>5,9)), _xlpm.score(_xlpm.a)+_xlpm.score(_xlpm.b))} -> 2 | AA13: {=_xlfn.IFS($W13=0,0,AND($W13>0,$W13<=0.5),2,AND($W13>0.5,$W13<=1),3,AND($W13>1,$W13<=1.5),4,AND($W13>1.5,$W13<=2),5,AND($W13>2,$W13<=3),6,AND($W13>3,$W13<=4),7,$W13>4,8)} -> 0 | AB13: {=_xlfn.IFS($X13=0,0,AND($X13>0,$X13<=0.5),2,AND($X13>0.5,$X13<=1),3,AND($X13>1,$X13<=1.5),4,AND($X13>1.5,$X13<=2),5,AND($X13>2,$X13<=3),6,AND($X13>3,$X13<=4),7,$X13>4,8)} -> 0 | AC13: {=_xlfn.IFS($Y13=0,0,AND($Y13>0,$Y13<=0.5),2,AND($Y13>0.5,$Y13<=1),3,AND($Y13>1,$Y13<=1.5),4,AND($Y13>1.5,$Y13<=2),5,AND($Y13>2,$Y13<=3),6,AND($Y13>3,$Y13<=4),7,$Y13>4,8)} -> 0 | AD13: 0.38 | AE13: 0.06 | AF13: =AD13+AE13 -> 0.44 | AG13: 2568 | AH13: Q4
A14: 11 | B14: กรุงเทพมหานครและปริมณฑล | C14: กรุงเทพมหานคร | D14: ไม่หักเสาไฟฟ้า | E14: UG66/OTH/0017 | F14: ถนนเยาวราช โซนที่ 4 ฝั่งใต้ (1 ฝั่งถนน) (ถนนราชวงศ์ - ถนนทรงสวัสดิ์) | G14: 0.6 | H14: BKK4 | I14: 2569 | J14: 45716 | K14: 46064 | L14: Onprocess | M14: ลงใต้ดิน | N14: yes | O14: 126596.98 | P14: 36775.272 | Q14: Approved | R14: 13.742290754376612, 100.50694991095189 | S14: 13.739396707790819, 100.5113779307246 | T14: 60C | W14: =AF14 -> 0.66 | Z14: {=_xlfn.LET( _xlpm.a,IF(ISNUMBER($U14),$U14,IFERROR(_xlfn.NUMBERVALUE(TRIM($U14)),0)), _xlpm.b,IF(ISNUMBER($V14),$V14,IFERROR(_xlfn.NUMBERVALUE(TRIM($V14)),0)), _xlpm.score,_xlfn.LAMBDA(_xlpm.x,_xlfn.IFS(_xlpm.x<0,0,_xlpm.x=0,0,_xlpm.x<=0.5,2,_xlpm.x<=1,3,_xlpm.x<=1.5,4, _xlpm.x<=2,5,_xlpm.x<=3,6,_xlpm.x<=4,7,_xlpm.x<=5,8,_xlpm.x>5,9)), _xlpm.score(_xlpm.a)+_xlpm.score(_xlpm.b))} -> 0 | AA14: {=_xlfn.IFS($W14=0,0,AND($W14>0,$W14<=0.5),2,AND($W14>0.5,$W14<=1),3,AND($W14>1,$W14<=1.5),4,AND($W14>1.5,$W14<=2),5,AND($W14>2,$W14<=3),6,AND($W14>3,$W14<=4),7,$W14>4,8)} -> 3 | AB14: {=_xlfn.IFS($X14=0,0,AND($X14>0,$X14<=0.5),2,AND($X14>0.5,$X14<=1),3,AND($X14>1,$X14<=1.5),4,AND($X14>1.5,$X14<=2),5,AND($X14>2,$X14<=3),6,AND($X14>3,$X14<=4),7,$X14>4,8)} -> 0 | AC14: {=_xlfn.IFS($Y14=0,0,AND($Y14>0,$Y14<=0.5),2,AND($Y14>0.5,$Y14<=1),3,AND($Y14>1,$Y14<=1.5),4,AND($Y14>1.5,$Y14<=2),5,AND($Y14>2,$Y14<=3),6,AND($Y14>3,$Y14<=4),7,$Y14>4,8)} -> 0 | AD14: 0.57 | AE14: 0.09 | AF14: =AD14+AE14 -> 0.66 | AG14: 2568 | AH14: Q4
A15: 12 | B15: กรุงเทพมหานครและปริมณฑล | C15: กรุงเทพมหานคร | D15: หักเสาไฟฟ้า | E15: UG67/MSN/0005 | F15: ถนนลาดพร้าว ช่วงที่ 2 (2 ฝั่งถนน) (ถนนรัชดาภิเษก - ถนนประดิษฐมนูธรรม) | G15: 8.4 | H15: BKK2 | I15: 2569 | J15: 45961 | K15: 46142 | L15: Done | M15: ลงใต้ดิน | N15: yes | O15: 875435.26 | P15: 296626.15 | Q15: Approved | R15: 13.805411917542347, 100.57495144377492 | S15: 13.786437316477445, 100.60875437077863 | T15: 144C | X15: =AF15 -> 9.24 | Z15: {=_xlfn.LET( _xlpm.a,IF(ISNUMBER($U15),$U15,IFERROR(_xlfn.NUMBERVALUE(TRIM($U15)),0)), _xlpm.b,IF(ISNUMBER($V15),$V15,IFERROR(_xlfn.NUMBERVALUE(TRIM($V15)),0)), _xlpm.score,_xlfn.LAMBDA(_xlpm.x,_xlfn.IFS(_xlpm.x<0,0,_xlpm.x=0,0,_xlpm.x<=0.5,2,_xlpm.x<=1,3,_xlpm.x<=1.5,4, _xlpm.x<=2,5,_xlpm.x<=3,6,_xlpm.x<=4,7,_xlpm.x<=5,8,_xlpm.x>5,9)), _xlpm.score(_xlpm.a)+_xlpm.score(_xlpm.b))} -> 0 | AA15: {=_xlfn.IFS($W15=0,0,AND($W15>0,$W15<=0.5),2,AND($W15>0.5,$W15<=1),3,AND($W15>1,$W15<=1.5),4,AND($W15>1.5,$W15<=2),5,AND($W15>2,$W15<=3),6,AND($W15>3,$W15<=4),7,$W15>4,8)} -> 0 | AB15: {=_xlfn.IFS($X15=0,0,AND($X15>0,$X15<=0.5),2,AND($X15>0.5,$X15<=1),3,AND($X15>1,$X15<=1.5),4,AND($X15>1.5,$X15<=2),5,AND($X15>2,$X15<=3),6,AND($X15>3,$X15<=4),7,$X15>4,8)} -> 8 | AC15: {=_xlfn.IFS($Y15=0,0,AND($Y15>0,$Y15<=0.5),2,AND($Y15>0.5,$Y15<=1),3,AND($Y15>1,$Y15<=1.5),4,AND($Y15>1.5,$Y15<=2),5,AND($Y15>2,$Y15<=3),6,AND($Y15>3,$Y15<=4),7,$Y15>4,8)} -> 0 | AD15: 7.98 | AE15: 1.26 | AF15: =AD15+AE15 -> 9.24 | AG15: 2568 | AH15: Q4
A16: 13 | B16: กรุงเทพมหานครและปริมณฑล | C16: กรุงเทพมหานคร | D16: ไม่หักเสาไฟฟ้า | E16: UG66/OTH/0015 | F16: ถนนเยาวราช โซนที่ 2 ฝั่งเหนือ (1 ฝั่งถนน) (ถบนราชวงศ์ - ถนนทรงสวัสดิ์) | G16: 0.6 | H16: BKK4 | I16: 2569 | J16: 45716 | K16: 46064 | L16: Onprocess | M16: ลงใต้ดิน | N16: yes | O16: 126596.98 | P16: 36775.272 | Q16: Approved | R16: 13.742351981932222, 100.50699483795309 | S16: 13.739483313274192, 100.51143472095434 | T16: 60C | W16: =AF16 -> 0.66 | Z16: {=_xlfn.LET( _xlpm.a,IF(ISNUMBER($U16),$U16,IFERROR(_xlfn.NUMBERVALUE(TRIM($U16)),0)), _xlpm.b,IF(ISNUMBER($V16),$V16,IFERROR(_xlfn.NUMBERVALUE(TRIM($V16)),0)), _xlpm.score,_xlfn.LAMBDA(_xlpm.x,_xlfn.IFS(_xlpm.x<0,0,_xlpm.x=0,0,_xlpm.x<=0.5,2,_xlpm.x<=1,3,_xlpm.x<=1.5,4, _xlpm.x<=2,5,_xlpm.x<=3,6,_xlpm.x<=4,7,_xlpm.x<=5,8,_xlpm.x>5,9)), _xlpm.score(_xlpm.a)+_xlpm.score(_xlpm.b))} -> 0 | AA16: {=_xlfn.IFS($W16=0,0,AND($W16>0,$W16<=0.5),2,AND($W16>0.5,$W16<=1),3,AND($W16>1,$W16<=1.5),4,AND($W16>1.5,$W16<=2),5,AND($W16>2,$W16<=3),6,AND($W16>3,$W16<=4),7,$W16>4,8)} -> 3 | AB16: {=_xlfn.IFS($X16=0,0,AND($X16>0,$X16<=0.5),2,AND($X16>0.5,$X16<=1),3,AND($X16>1,$X16<=1.5),4,AND($X16>1.5,$X16<=2),5,AND($X16>2,$X16<=3),6,AND($X16>3,$X16<=4),7,$X16>4,8)} -> 0 | AC16: {=_xlfn.IFS($Y16=0,0,AND($Y16>0,$Y16<=0.5),2,AND($Y16>0.5,$Y16<=1),3,AND($Y16>1,$Y16<=1.5),4,AND($Y16>1.5,$Y16<=2),5,AND($Y16>2,$Y16<=3),6,AND($Y16>3,$Y16<=4),7,$Y16>4,8)} -> 0 | AD16: 0.57 | AE16: 0.09 | AF16: =AD16+AE16 -> 0.66 | AG16: 2568 | AH16: Q4
A17: 14 | B17: กรุงเทพมหานครและปริมณฑล | C17: กรุงเทพมหานคร | D17: หักเสาไฟฟ้า | E17: UG67/OTH/0003 | F17: ถนนวิทยุ ช่วงที่ 2 (2 ฝั่งถนน) (ถนนเพลินจิต - ถนนเพชรบุรี) | G17: 1.6 | H17: BKK4 | I17: 2569 | J17: 45838 | K17: 46173 | L17: Onprocess | M17: ลงใต้ดิน | N17: yes | O17: 166500 | P17: 86850 | Q17: Approved | R17: 13.743321627022501, 100.54756286403692 | S17: 13.749692752378785, 100.54859664430262 | T17: 144C | X17: =AF17 -> 1.76 | Z17: {=_xlfn.LET( _xlpm.a,IF(ISNUMBER($U17),$U17,IFERROR(_xlfn.NUMBERVALUE(TRIM($U17)),0)), _xlpm.b,IF(ISNUMBER($V17),$V17,IFERROR(_xlfn.NUMBERVALUE(TRIM($V17)),0)), _xlpm.score,_xlfn.LAMBDA(_xlpm.x,_xlfn.IFS(_xlpm.x<0,0,_xlpm.x=0,0,_xlpm.x<=0.5,2,_xlpm.x<=1,3,_xlpm.x<=1.5,4, _xlpm.x<=2,5,_xlpm.x<=3,6,_xlpm.x<=4,7,_xlpm.x<=5,8,_xlpm.x>5,9)), _xlpm.score(_xlpm.a)+_xlpm.score(_xlpm.b))} -> 0 | AA17: {=_xlfn.IFS($W17=0,0,AND($W17>0,$W17<=0.5),2,AND($W17>0.5,$W17<=1),3,AND($W17>1,$W17<=1.5),4,AND($W17>1.5,$W17<=2),5,AND($W17>2,$W17<=3),6,AND($W17>3,$W17<=4),7,$W17>4,8)} -> 0 | AB17: {=_xlfn.IFS($X17=0,0,AND($X17>0,$X17<=0.5),2,AND($X17>0.5,$X17<=1),3,AND($X17>1,$X17<=1.5),4,AND($X17>1.5,$X17<=2),5,AND($X17>2,$X17<=3),6,AND($X17>3,$X17<=4),7,$X17>4,8)} -> 5 | AC17: {=_xlfn.IFS($Y17=0,0,AND($Y17>0,$Y17<=0.5),2,AND($Y17>0.5,$Y17<=1),3,AND($Y17>1,$Y17<=1.5),4,AND($Y17>1.5,$Y17<=2),5,AND($Y17>2,$Y17<=3),6,AND($Y17>3,$Y17<=4),7,$Y17>4,8)} -> 0 | AD17: 1.52 | AE17: 0.24 | AF17: =AD17+AE17 -> 1.76 | AG17: 2569 | AH17: Q2
A18: 15 | B18: กรุงเทพมหานครและปริมณฑล | C18: กรุงเทพมหานคร | D18: หักเสาไฟฟ้า | E18: UG65/NTC/0010 | F18: ถนนพระราม 4 ช่วงที่ 2 (2 ฝั่งถนน) (สามย่านมิตรทาวน์ - แยกคลองเตย) | G18: 7.2 | H18: BKK4 | I18: 2569 | J18: 46081 | K18: 46181 | L18: Done | M18: ลงใต้ดิน | N18: no | O18: 5051985.3 | P18: 2417417.1 | Q18: Approved | R18: 13.733353800169416, 100.52750043205424 | S18: 13.720229321195605, 100.55906312982408 | T18: 144C | X18: =AF18 -> 7.92 | Z18: {=_xlfn.LET( _xlpm.a,IF(ISNUMBER($U18),$U18,IFERROR(_xlfn.NUMBERVALUE(TRIM($U18)),0)), _xlpm.b,IF(ISNUMBER($V18),$V18,IFERROR(_xlfn.NUMBERVALUE(TRIM($V18)),0)), _xlpm.score,_xlfn.LAMBDA(_xlpm.x,_xlfn.IFS(_xlpm.x<0,0,_xlpm.x=0,0,_xlpm.x<=0.5,2,_xlpm.x<=1,3,_xlpm.x<=1.5,4, _xlpm.x<=2,5,_xlpm.x<=3,6,_xlpm.x<=4,7,_xlpm.x<=5,8,_xlpm.x>5,9)), _xlpm.score(_xlpm.a)+_xlpm.score(_xlpm.b))} -> 0 | AA18: {=_xlfn.IFS($W18=0,0,AND($W18>0,$W18<=0.5),2,AND($W18>0.5,$W18<=1),3,AND($W18>1,$W18<=1.5),4,AND($W18>1.5,$W18<=2),5,AND($W18>2,$W18<=3),6,AND($W18>3,$W18<=4),7,$W18>4,8)} -> 0 | AB18: {=_xlfn.IFS($X18=0,0,AND($X18>0,$X18<=0.5),2,AND($X18>0.5,$X18<=1),3,AND($X18>1,$X18<=1.5),4,AND($X18>1.5,$X18<=2),5,AND($X18>2,$X18<=3),6,AND($X18>3,$X18<=4),7,$X18>4,8)} -> 8 | AC18: {=_xlfn.IFS($Y18=0,0,AND($Y18>0,$Y18<=0.5),2,AND($Y18>0.5,$Y18<=1),3,AND($Y18>1,$Y18<=1.5),4,AND($Y18>1.5,$Y18<=2),5,AND($Y18>2,$Y18<=3),6,AND($Y18>3,$Y18<=4),7,$Y18>4,8)} -> 0 | AD18: 6.84 | AE18: 1.08 | AF18: =AD18+AE18 -> 7.92 | AG18: 2567 | AH18: Q2
A19: 16 | B19: กรุงเทพมหานครและปริมณฑล | C19: กรุงเทพมหานคร | D19: หักเสาไฟฟ้า | E19: UG66/MSN/0002 | F19: ถนนจรัญสนิทวงศ์ ช่วงที่ 2 (2 ฝั่งอนน) (ถนนสุทธาวาส - ถนนพรานนก) | G19: 2 | H19: BKK1 | I19: 2569 | J19: 45658 | K19: 46203 | L19: Onprocess | M19: ลงใต้ดิน | N19: yes | O19: 425316.52 | P19: 209114.56 | Q19: Approved | R19: 13.762829108215561, 100.47280943699901 | S19: 13.754866084753044, 100.46941322132035 | T19: 60C | W19: =AF19 -> 2.2 | Z19: {=_xlfn.LET( _xlpm.a,IF(ISNUMBER($U19),$U19,IFERROR(_xlfn.NUMBERVALUE(TRIM($U19)),0)), _xlpm.b,IF(ISNUMBER($V19),$V19,IFERROR(_xlfn.NUMBERVALUE(TRIM($V19)),0)), _xlpm.score,_xlfn.LAMBDA(_xlpm.x,_xlfn.IFS(_xlpm.x<0,0,_xlpm.x=0,0,_xlpm.x<=0.5,2,_xlpm.x<=1,3,_xlpm.x<=1.5,4, _xlpm.x<=2,5,_xlpm.x<=3,6,_xlpm.x<=4,7,_xlpm.x<=5,8,_xlpm.x>5,9)), _xlpm.score(_xlpm.a)+_xlpm.score(_xlpm.b))} -> 0 | AA19: {=_xlfn.IFS($W19=0,0,AND($W19>0,$W19<=0.5),2,AND($W19>0.5,$W19<=1),3,AND($W19>1,$W19<=1.5),4,AND($W19>1.5,$W19<=2),5,AND($W19>2,$W19<=3),6,AND($W19>3,$W19<=4),7,$W19>4,8)} -> 6 | AB19: {=_xlfn.IFS($X19=0,0,AND($X19>0,$X19<=0.5),2,AND($X19>0.5,$X19<=1),3,AND($X19>1,$X19<=1.5),4,AND($X19>1.5,$X19<=2),5,AND($X19>2,$X19<=3),6,AND($X19>3,$X19<=4),7,$X19>4,8)} -> 0 | AC19: {=_xlfn.IFS($Y19=0,0,AND($Y19>0,$Y19<=0.5),2,AND($Y19>0.5,$Y19<=1),3,AND($Y19>1,$Y19<=1.5),4,AND($Y19>1.5,$Y19<=2),5,AND($Y19>2,$Y19<=3),6,AND($Y19>3,$Y19<=4),7,$Y19>4,8)} -> 0 | AD19: 1.9 | AE19: 0.3 | AF19: =AD19+AE19 -> 2.2 | AG19: 2568 | AH19: Q1
A20: 17 | B20: กรุงเทพมหานครและปริมณฑล | C20: กรุงเทพมหานคร | D20: ไม่หักเสาไฟฟ้า | E20: UG66/OTH/0016 | F20: ถนนเยาวราช โซนที่ 3 ฝั่งใต้ (1 ฝั่งถนน) (ถนนราชวงศ์ - ถนนจักรวรรดิ) | G20: 0.3 | H20: BKK4 | I20: 2569 | J20: 45716 | K20: 46064 | L20: Done | M20: ลงใต้ดิน | N20: yes | O20: 63298.49 | P20: 18387.636 | Q20: Approved | R20: 13.74235530894268, 100.5069216699699 | S20: 13.744095165929302, 100.50446746701284 | T20: 60C | W20: =AF20 -> 0.33 | Z20: {=_xlfn.LET( _xlpm.a,IF(ISNUMBER($U20),$U20,IFERROR(_xlfn.NUMBERVALUE(TRIM($U20)),0)), _xlpm.b,IF(ISNUMBER($V20),$V20,IFERROR(_xlfn.NUMBERVALUE(TRIM($V20)),0)), _xlpm.score,_xlfn.LAMBDA(_xlpm.x,_xlfn.IFS(_xlpm.x<0,0,_xlpm.x=0,0,_xlpm.x<=0.5,2,_xlpm.x<=1,3,_xlpm.x<=1.5,4, _xlpm.x<=2,5,_xlpm.x<=3,6,_xlpm.x<=4,7,_xlpm.x<=5,8,_xlpm.x>5,9)), _xlpm.score(_xlpm.a)+_xlpm.score(_xlpm.b))} -> 0 | AA20: {=_xlfn.IFS($W20=0,0,AND($W20>0,$W20<=0.5),2,AND($W20>0.5,$W20<=1),3,AND($W20>1,$W20<=1.5),4,AND($W20>1.5,$W20<=2),5,AND($W20>2,$W20<=3),6,AND($W20>3,$W20<=4),7,$W20>4,8)} -> 2 | AB20: {=_xlfn.IFS($X20=0,0,AND($X20>0,$X20<=0.5),2,AND($X20>0.5,$X20<=1),3,AND($X20>1,$X20<=1.5),4,AND($X20>1.5,$X20<=2),5,AND($X20>2,$X20<=3),6,AND($X20>3,$X20<=4),7,$X20>4,8)} -> 0 | AC20: {=_xlfn.IFS($Y20=0,0,AND($Y20>0,$Y20<=0.5),2,AND($Y20>0.5,$Y20<=1),3,AND($Y20>1,$Y20<=1.5),4,AND($Y20>1.5,$Y20<=2),5,AND($Y20>2,$Y20<=3),6,AND($Y20>3,$Y20<=4),7,$Y20>4,8)} -> 0 | AD20: 0.285 | AE20: 0.045 | AF20: =AD20+AE20 -> 0.33 | AG20: 2568 | AH20: Q4
A21: 18 | B21: กรุงเทพมหานครและปริมณฑล | C21: กรุงเทพมหานคร | D21: หักเสาไฟฟ้า | E21: UG68/OTH/0007 | F21: ถนนพระราม 9 ช่วงที่ 1 (2 ฝั่งถนน) (แยกถนนรัชดาภิเษก - คลองชวดใหญ่) | G21: 3.6 | H21: BKK3 | I21: 2569 | J21: 46081 | K21: 46229 | L21: Onprocess | M21: ลงใต้ดิน | N21: yes (Jastel) | O21: 822500 | P21: 405300 | Q21: Approved | R21: 13.75605722785821, 100.5649928410609 | S21: 13.754864464443239, 100.58105671390848 | T21: 144C | X21: =AF21 -> 3.96 | Z21: {=_xlfn.LET( _xlpm.a,IF(ISNUMBER($U21),$U21,IFERROR(_xlfn.NUMBERVALUE(TRIM($U21)),0)), _xlpm.b,IF(ISNUMBER($V21),$V21,IFERROR(_xlfn.NUMBERVALUE(TRIM($V21)),0)), _xlpm.score,_xlfn.LAMBDA(_xlpm.x,_xlfn.IFS(_xlpm.x<0,0,_xlpm.x=0,0,_xlpm.x<=0.5,2,_xlpm.x<=1,3,_xlpm.x<=1.5,4, _xlpm.x<=2,5,_xlpm.x<=3,6,_xlpm.x<=4,7,_xlpm.x<=5,8,_xlpm.x>5,9)), _xlpm.score(_xlpm.a)+_xlpm.score(_xlpm.b))} -> 0 | AA21: {=_xlfn.IFS($W21=0,0,AND($W21>0,$W21<=0.5),2,AND($W21>0.5,$W21<=1),3,AND($W21>1,$W21<=1.5),4,AND($W21>1.5,$W21<=2),5,AND($W21>2,$W21<=3),6,AND($W21>3,$W21<=4),7,$W21>4,8)} -> 0 | AB21: {=_xlfn.IFS($X21=0,0,AND($X21>0,$X21<=0.5),2,AND($X21>0.5,$X21<=1),3,AND($X21>1,$X21<=1.5),4,AND($X21>1.5,$X21<=2),5,AND($X21>2,$X21<=3),6,AND($X21>3,$X21<=4),7,$X21>4,8)} -> 7 | AC21: {=_xlfn.IFS($Y21=0,0,AND($Y21>0,$Y21<=0.5),2,AND($Y21>0.5,$Y21<=1),3,AND($Y21>1,$Y21<=1.5),4,AND($Y21>1.5,$Y21<=2),5,AND($Y21>2,$Y21<=3),6,AND($Y21>3,$Y21<=4),7,$Y21>4,8)} -> 0 | AD21: 3.42 | AE21: 0.54 | AF21: =AD21+AE21 -> 3.96 | AG21: 2569 | AH21: Q3
A22: 19 | B22: กรุงเทพมหานครและปริมณฑล | C22: นนทบุรี | D22: ไม่หักเสาไฟฟ้า | E22: UG65/OTH/0013 | F22: ถนนศรีสมาน (2 ฝั่งถนน) (แยกสวนสมเด็จพระศรีนครินทร์ - ถนนเลียบคลองประปา) | G22: 5.2 | H22: BKK2 | I22: 2569 | J22: 46173 | K22: 46234 | L22: Done | M22: ลงใต้ดิน | N22: yes | O22: 609637.44 | P22: 299150 | Q22: Approved | R22: 13.940560347819595, 100.54209283026739 | S22: 13.934430157181419, 100.56354359702038 | T22: 144C | X22: =AF22 -> 5.72 | Z22: {=_xlfn.LET( _xlpm.a,IF(ISNUMBER($U22),$U22,IFERROR(_xlfn.NUMBERVALUE(TRIM($U22)),0)), _xlpm.b,IF(ISNUMBER($V22),$V22,IFERROR(_xlfn.NUMBERVALUE(TRIM($V22)),0)), _xlpm.score,_xlfn.LAMBDA(_xlpm.x,_xlfn.IFS(_xlpm.x<0,0,_xlpm.x=0,0,_xlpm.x<=0.5,2,_xlpm.x<=1,3,_xlpm.x<=1.5,4, _xlpm.x<=2,5,_xlpm.x<=3,6,_xlpm.x<=4,7,_xlpm.x<=5,8,_xlpm.x>5,9)), _xlpm.score(_xlpm.a)+_xlpm.score(_xlpm.b))} -> 0 | AA22: {=_xlfn.IFS($W22=0,0,AND($W22>0,$W22<=0.5),2,AND($W22>0.5,$W22<=1),3,AND($W22>1,$W22<=1.5),4,AND($W22>1.5,$W22<=2),5,AND($W22>2,$W22<=3),6,AND($W22>3,$W22<=4),7,$W22>4,8)} -> 0 | AB22: {=_xlfn.IFS($X22=0,0,AND($X22>0,$X22<=0.5),2,AND($X22>0.5,$X22<=1),3,AND($X22>1,$X22<=1.5),4,AND($X22>1.5,$X22<=2),5,AND($X22>2,$X22<=3),6,AND($X22>3,$X22<=4),7,$X22>4,8)} -> 8 | AC22: {=_xlfn.IFS($Y22=0,0,AND($Y22>0,$Y22<=0.5),2,AND($Y22>0.5,$Y22<=1),3,AND($Y22>1,$Y22<=1.5),4,AND($Y22>1.5,$Y22<=2),5,AND($Y22>2,$Y22<=3),6,AND($Y22>3,$Y22<=4),7,$Y22>4,8)} -> 0 | AD22: 4.94 | AE22: 0.78 | AF22: =AD22+AE22 -> 5.72 | AG22: 2568 | AH22: Q4
A23: 20 | B23: กรุงเทพมหานครและปริมณฑล | C23: กรุงเทพมหานคร | D23: ไม่หักเสาไฟฟ้า | E23: UG66/OTH/0014 | F23: ถนนเยาวราช โซนที่ 1 ฝั่งเหนือ (1 ฝั่งถนน) (ถนนราชวงศ์ - ถนนจักรวรรดิ) | G23: 0.35 | H23: BKK4 | I23: 2569 | J23: 45716 | K23: 46064 | L23: Done | M23: ลงใต้ดิน | N23: yes | O23: 73848.239 | P23: 21452.242 | Q23: Approved | R23: 13.742402566193277, 100.50696074758135 | S23: 13.744195474119442, 100.50455061549454 | T23: 60C | W23: =AF23 -> 0.385 | Z23: {=_xlfn.LET( _xlpm.a,IF(ISNUMBER($U23),$U23,IFERROR(_xlfn.NUMBERVALUE(TRIM($U23)),0)), _xlpm.b,IF(ISNUMBER($V23),$V23,IFERROR(_xlfn.NUMBERVALUE(TRIM($V23)),0)), _xlpm.score,_xlfn.LAMBDA(_xlpm.x,_xlfn.IFS(_xlpm.x<0,0,_xlpm.x=0,0,_xlpm.x<=0.5,2,_xlpm.x<=1,3,_xlpm.x<=1.5,4, _xlpm.x<=2,5,_xlpm.x<=3,6,_xlpm.x<=4,7,_xlpm.x<=5,8,_xlpm.x>5,9)), _xlpm.score(_xlpm.a)+_xlpm.score(_xlpm.b))} -> 0 | AA23: {=_xlfn.IFS($W23=0,0,AND($W23>0,$W23<=0.5),2,AND($W23>0.5,$W23<=1),3,AND($W23>1,$W23<=1.5),4,AND($W23>1.5,$W23<=2),5,AND($W23>2,$W23<=3),6,AND($W23>3,$W23<=4),7,$W23>4,8)} -> 2 | AB23: {=_xlfn.IFS($X23=0,0,AND($X23>0,$X23<=0.5),2,AND($X23>0.5,$X23<=1),3,AND($X23>1,$X23<=1.5),4,AND($X23>1.5,$X23<=2),5,AND($X23>2,$X23<=3),6,AND($X23>3,$X23<=4),7,$X23>4,8)} -> 0 | AC23: {=_xlfn.IFS($Y23=0,0,AND($Y23>0,$Y23<=0.5),2,AND($Y23>0.5,$Y23<=1),3,AND($Y23>1,$Y23<=1.5),4,AND($Y23>1.5,$Y23<=2),5,AND($Y23>2,$Y23<=3),6,AND($Y23>3,$Y23<=4),7,$Y23>4,8)} -> 0 | AD23: 0.3325 | AE23: 0.0525 | AF23: =AD23+AE23 -> 0.385 | AG23: 2568 | AH23: Q4
A24: 21 | B24: กรุงเทพมหานครและปริมณฑล | C24: กรุงเทพมหานคร | D24: หักเสาไฟฟ้า | E24: UG65/OTH/0002 | F24: ถนนลูกหลวง (1 ฝั่งถนน) (ซอยลูกหลวง 1 - ถนนสามเสน) | G24: 2.3 | H24: BKK4 | I24: 2569 | J24: 45961 | K24: 46235 | L24: Wait Duct (NT) | M24: ลงใต้ดิน+Re-route | N24: yes | O24: 116400 | P24: 57900 | Q24: Request | R24: 13.754718045186001, 100.51747023999916 | S24: 13.769942382856494, 100.50399285429273 | T24: 60C | W24: =AF24 -> 2.53 | Z24: {=_xlfn.LET( _xlpm.a,IF(ISNUMBER($U24),$U24,IFERROR(_xlfn.NUMBERVALUE(TRIM($U24)),0)), _xlpm.b,IF(ISNUMBER($V24),$V24,IFERROR(_xlfn.NUMBERVALUE(TRIM($V24)),0)), _xlpm.score,_xlfn.LAMBDA(_xlpm.x,_xlfn.IFS(_xlpm.x<0,0,_xlpm.x=0,0,_xlpm.x<=0.5,2,_xlpm.x<=1,3,_xlpm.x<=1.5,4, _xlpm.x<=2,5,_xlpm.x<=3,6,_xlpm.x<=4,7,_xlpm.x<=5,8,_xlpm.x>5,9)), _xlpm.score(_xlpm.a)+_xlpm.score(_xlpm.b))} -> 0 | AA24: {=_xlfn.IFS($W24=0,0,AND($W24>0,$W24<=0.5),2,AND($W24>0.5,$W24<=1),3,AND($W24>1,$W24<=1.5),4,AND($W24>1.5,$W24<=2),5,AND($W24>2,$W24<=3),6,AND($W24>3,$W24<=4),7,$W24>4,8)} -> 6 | AB24: {=_xlfn.IFS($X24=0,0,AND($X24>0,$X24<=0.5),2,AND($X24>0.5,$X24<=1),3,AND($X24>1,$X24<=1.5),4,AND($X24>1.5,$X24<=2),5,AND($X24>2,$X24<=3),6,AND($X24>3,$X24<=4),7,$X24>4,8)} -> 0 | AC24: {=_xlfn.IFS($Y24=0,0,AND($Y24>0,$Y24<=0.5),2,AND($Y24>0.5,$Y24<=1),3,AND($Y24>1,$Y24<=1.5),4,AND($Y24>1.5,$Y24<=2),5,AND($Y24>2,$Y24<=3),6,AND($Y24>3,$Y24<=4),7,$Y24>4,8)} -> 0 | AD24: 2.185 | AE24: 0.345 | AF24: =AD24+AE24 -> 2.53 | AG24: 2570 | AH24: Q1
A25: 22 | B25: กรุงเทพมหานครและปริมณฑล | C25: กรุงเทพมหานคร | D25: หักเสาไฟฟ้า | E25: UG66/MSN/0004 | F25: ถนนจรัญสนิทวงศ์ ช่วงที่ 3 (2 ฝั่งถนน) (แยกไฟฉาย - แยกท่าพระ) | G25: 5.8 | H25: BKK1 | I25: 2569 | J25: 45808 | K25: 46264 | L25: Wait Duct (NT) | M25: ลงใต้ดิน | N25: no | O25: 420000 | P25: 277920 | Q25: Request | R25: 13.787687709428189, 100.46870537963544 | S25: 13.729397077147375, 100.47421589346044 | T25: 60C | W25: =AF25 -> 6.38 | Z25: {=_xlfn.LET( _xlpm.a,IF(ISNUMBER($U25),$U25,IFERROR(_xlfn.NUMBERVALUE(TRIM($U25)),0)), _xlpm.b,IF(ISNUMBER($V25),$V25,IFERROR(_xlfn.NUMBERVALUE(TRIM($V25)),0)), _xlpm.score,_xlfn.LAMBDA(_xlpm.x,_xlfn.IFS(_xlpm.x<0,0,_xlpm.x=0,0,_xlpm.x<=0.5,2,_xlpm.x<=1,3,_xlpm.x<=1.5,4, _xlpm.x<=2,5,_xlpm.x<=3,6,_xlpm.x<=4,7,_xlpm.x<=5,8,_xlpm.x>5,9)), _xlpm.score(_xlpm.a)+_xlpm.score(_xlpm.b))} -> 0 | AA25: {=_xlfn.IFS($W25=0,0,AND($W25>0,$W25<=0.5),2,AND($W25>0.5,$W25<=1),3,AND($W25>1,$W25<=1.5),4,AND($W25>1.5,$W25<=2),5,AND($W25>2,$W25<=3),6,AND($W25>3,$W25<=4),7,$W25>4,8)} -> 8 | AB25: {=_xlfn.IFS($X25=0,0,AND($X25>0,$X25<=0.5),2,AND($X25>0.5,$X25<=1),3,AND($X25>1,$X25<=1.5),4,AND($X25>1.5,$X25<=2),5,AND($X25>2,$X25<=3),6,AND($X25>3,$X25<=4),7,$X25>4,8)} -> 0 | AC25: {=_xlfn.IFS($Y25=0,0,AND($Y25>0,$Y25<=0.5),2,AND($Y25>0.5,$Y25<=1),3,AND($Y25>1,$Y25<=1.5),4,AND($Y25>1.5,$Y25<=2),5,AND($Y25>2,$Y25<=3),6,AND($Y25>3,$Y25<=4),7,$Y25>4,8)} -> 0 | AD25: 5.51 | AE25: 0.87 | AF25: =AD25+AE25 -> 6.38 | AG25: 2570 | AH25: Q1
A26: 23 | B26: กรุงเทพมหานครและปริมณฑล | C26: กรุงเทพมหานคร | D26: ไม่หักเสาไฟฟ้า | E26: UG66/OTH/0011 | F26: ถนนเยาวราช โซนที่ 1 (2 ฝั่งถนน) (ถนนจักรวรรดิ - คลองโอ่งอ่าง 1) | G26: 0.3 | H26: BKK4 | I26: 2569 | J26: 45716 | K26: 46064 | L26: Done | M26: ลงใต้ดิน | N26: yes | O26: 63298.49 | P26: 18387.636 | Q26: Approved | R26: 13.744166090823622, 100.50444645343005 | S26: 13.744804819949007, 100.50313484102738 | T26: 60C | W26: =AF26 -> 0.33 | Z26: {=_xlfn.LET( _xlpm.a,IF(ISNUMBER($U26),$U26,IFERROR(_xlfn.NUMBERVALUE(TRIM($U26)),0)), _xlpm.b,IF(ISNUMBER($V26),$V26,IFERROR(_xlfn.NUMBERVALUE(TRIM($V26)),0)), _xlpm.score,_xlfn.LAMBDA(_xlpm.x,_xlfn.IFS(_xlpm.x<0,0,_xlpm.x=0,0,_xlpm.x<=0.5,2,_xlpm.x<=1,3,_xlpm.x<=1.5,4, _xlpm.x<=2,5,_xlpm.x<=3,6,_xlpm.x<=4,7,_xlpm.x<=5,8,_xlpm.x>5,9)), _xlpm.score(_xlpm.a)+_xlpm.score(_xlpm.b))} -> 0 | AA26: {=_xlfn.IFS($W26=0,0,AND($W26>0,$W26<=0.5),2,AND($W26>0.5,$W26<=1),3,AND($W26>1,$W26<=1.5),4,AND($W26>1.5,$W26<=2),5,AND($W26>2,$W26<=3),6,AND($W26>3,$W26<=4),7,$W26>4,8)} -> 2 | AB26: {=_xlfn.IFS($X26=0,0,AND($X26>0,$X26<=0.5),2,AND($X26>0.5,$X26<=1),3,AND($X26>1,$X26<=1.5),4,AND($X26>1.5,$X26<=2),5,AND($X26>2,$X26<=3),6,AND($X26>3,$X26<=4),7,$X26>4,8)} -> 0 | AC26: {=_xlfn.IFS($Y26=0,0,AND($Y26>0,$Y26<=0.5),2,AND($Y26>0.5,$Y26<=1),3,AND($Y26>1,$Y26<=1.5),4,AND($Y26>1.5,$Y26<=2),5,AND($Y26>2,$Y26<=3),6,AND($Y26>3,$Y26<=4),7,$Y26>4,8)} -> 0 | AD26: 0.285 | AE26: 0.045 | AF26: =AD26+AE26 -> 0.33 | AG26: 2568 | AH26: Q4
A27: 24 | B27: กรุงเทพมหานครและปริมณฑล | C27: กรุงเทพมหานคร | D27: หักเสาไฟฟ้า | E27: UG68/OTH/0008 | F27: ถนนประชาราษฎร์สาย 1 (2 ฝั่งถนน) (คลองบางซื่อ - ถนนประชาราษฎร์สาย 2) | G27: 1.5 | H27: BKK2 | I27: 2569 | J27: 46173 | K27: 46279 | L27: Wait Duct (NT) | M27: ลงใต้ดิน+Re-route | N27: yes | O27: 94125 | P27: 86850 | Q27: Approved | R27: 13.799932719041246, 100.52139090233405 | S27: 13.806357300875998, 100.52160430476457 | T27: 60C | W27: =AF27 -> 1.65 | Z27: {=_xlfn.LET( _xlpm.a,IF(ISNUMBER($U27),$U27,IFERROR(_xlfn.NUMBERVALUE(TRIM($U27)),0)), _xlpm.b,IF(ISNUMBER($V27),$V27,IFERROR(_xlfn.NUMBERVALUE(TRIM($V27)),0)), _xlpm.score,_xlfn.LAMBDA(_xlpm.x,_xlfn.IFS(_xlpm.x<0,0,_xlpm.x=0,0,_xlpm.x<=0.5,2,_xlpm.x<=1,3,_xlpm.x<=1.5,4, _xlpm.x<=2,5,_xlpm.x<=3,6,_xlpm.x<=4,7,_xlpm.x<=5,8,_xlpm.x>5,9)), _xlpm.score(_xlpm.a)+_xlpm.score(_xlpm.b))} -> 0 | AA27: {=_xlfn.IFS($W27=0,0,AND($W27>0,$W27<=0.5),2,AND($W27>0.5,$W27<=1),3,AND($W27>1,$W27<=1.5),4,AND($W27>1.5,$W27<=2),5,AND($W27>2,$W27<=3),6,AND($W27>3,$W27<=4),7,$W27>4,8)} -> 5 | AB27: {=_xlfn.IFS($X27=0,0,AND($X27>0,$X27<=0.5),2,AND($X27>0.5,$X27<=1),3,AND($X27>1,$X27<=1.5),4,AND($X27>1.5,$X27<=2),5,AND($X27>2,$X27<=3),6,AND($X27>3,$X27<=4),7,$X27>4,8)} -> 0 | AC27: {=_xlfn.IFS($Y27=0,0,AND($Y27>0,$Y27<=0.5),2,AND($Y27>0.5,$Y27<=1),3,AND($Y27>1,$Y27<=1.5),4,AND($Y27>1.5,$Y27<=2),5,AND($Y27>2,$Y27<=3),6,AND($Y27>3,$Y27<=4),7,$Y27>4,8)} -> 0 | AD27: 1.425 | AE27: 0.225 | AF27: =AD27+AE27 -> 1.65 | AG27: 2569 | AH27: Q2
A28: 25 | B28: กรุงเทพมหานครและปริมณฑล | C28: กรุงเทพมหานคร,สมุทรปราการ | D28: หักเสาไฟฟ้า | E28: UG68/MSN/0005 | F28: ถนนสุขุมวิท ช่วงที่ 2 (2 ฝั่งถนน) (แยกบางนา - ถนนกาญจนาภิเษก) | G28: 10.4 | H28: BKK3 | I28: 2569 | J28: 46203 | K28: 46295 | L28: Onprocess | M28: ลงใต้ดิน | N28: yes | O28: 1313624 | P28: 487132 | Q28: Approved | R28: 13.673313628945984, 100.60678315958604 | S28: 13.630125411559987, 100.58887238374705 | T28: 144C | X28: =AF28 -> 11.44 | Z28: {=_xlfn.LET( _xlpm.a,IF(ISNUMBER($U28),$U28,IFERROR(_xlfn.NUMBERVALUE(TRIM($U28)),0)), _xlpm.b,IF(ISNUMBER($V28),$V28,IFERROR(_xlfn.NUMBERVALUE(TRIM($V28)),0)), _xlpm.score,_xlfn.LAMBDA(_xlpm.x,_xlfn.IFS(_xlpm.x<0,0,_xlpm.x=0,0,_xlpm.x<=0.5,2,_xlpm.x<=1,3,_xlpm.x<=1.5,4, _xlpm.x<=2,5,_xlpm.x<=3,6,_xlpm.x<=4,7,_xlpm.x<=5,8,_xlpm.x>5,9)), _xlpm.score(_xlpm.a)+_xlpm.score(_xlpm.b))} -> 0 | AA28: {=_xlfn.IFS($W28=0,0,AND($W28>0,$W28<=0.5),2,AND($W28>0.5,$W28<=1),3,AND($W28>1,$W28<=1.5),4,AND($W28>1.5,$W28<=2),5,AND($W28>2,$W28<=3),6,AND($W28>3,$W28<=4),7,$W28>4,8)} -> 0 | AB28: {=_xlfn.IFS($X28=0,0,AND($X28>0,$X28<=0.5),2,AND($X28>0.5,$X28<=1),3,AND($X28>1,$X28<=1.5),4,AND($X28>1.5,$X28<=2),5,AND($X28>2,$X28<=3),6,AND($X28>3,$X28<=4),7,$X28>4,8)} -> 8 | AC28: {=_xlfn.IFS($Y28=0,0,AND($Y28>0,$Y28<=0.5),2,AND($Y28>0.5,$Y28<=1),3,AND($Y28>1,$Y28<=1.5),4,AND($Y28>1.5,$Y28<=2),5,AND($Y28>2,$Y28<=3),6,AND($Y28>3,$Y28<=4),7,$Y28>4,8)} -> 0 | AD28: 9.88 | AE28: 1.56 | AF28: =AD28+AE28 -> 11.44 | AG28: 2568 | AH28: Q4
A29: 26 | B29: กรุงเทพมหานครและปริมณฑล | C29: กรุงเทพมหานคร | D29: ไม่หักเสาไฟฟ้า | E29: UG65/OTH/0018 | F29: ถนนวิภาวดีรังสิต ช่วงที่ 4 (2 ฝั่งถนน) (แยกเกษตร - หลักสี่) | G29: 9.4 | H29: BKK2 | I29: 2569 | J29: 46234 | K29: 46305 | L29: Wait Duct (NT) | M29: ลงใต้ดิน | N29: yes | O29: 1212600 | P29: 653112 | Q29: Request | R29: 13.847561540502536, 100.56149019379637 | S29: 13.884322387369098, 100.58169030148558 | T29: 144C | X29: =AF29 -> 10.34 | Z29: {=_xlfn.LET( _xlpm.a,IF(ISNUMBER($U29),$U29,IFERROR(_xlfn.NUMBERVALUE(TRIM($U29)),0)), _xlpm.b,IF(ISNUMBER($V29),$V29,IFERROR(_xlfn.NUMBERVALUE(TRIM($V29)),0)), _xlpm.score,_xlfn.LAMBDA(_xlpm.x,_xlfn.IFS(_xlpm.x<0,0,_xlpm.x=0,0,_xlpm.x<=0.5,2,_xlpm.x<=1,3,_xlpm.x<=1.5,4, _xlpm.x<=2,5,_xlpm.x<=3,6,_xlpm.x<=4,7,_xlpm.x<=5,8,_xlpm.x>5,9)), _xlpm.score(_xlpm.a)+_xlpm.score(_xlpm.b))} -> 0 | AA29: {=_xlfn.IFS($W29=0,0,AND($W29>0,$W29<=0.5),2,AND($W29>0.5,$W29<=1),3,AND($W29>1,$W29<=1.5),4,AND($W29>1.5,$W29<=2),5,AND($W29>2,$W29<=3),6,AND($W29>3,$W29<=4),7,$W29>4,8)} -> 0 | AB29: {=_xlfn.IFS($X29=0,0,AND($X29>0,$X29<=0.5),2,AND($X29>0.5,$X29<=1),3,AND($X29>1,$X29<=1.5),4,AND($X29>1.5,$X29<=2),5,AND($X29>2,$X29<=3),6,AND($X29>3,$X29<=4),7,$X29>4,8)} -> 8 | AC29: {=_xlfn.IFS($Y29=0,0,AND($Y29>0,$Y29<=0.5),2,AND($Y29>0.5,$Y29<=1),3,AND($Y29>1,$Y29<=1.5),4,AND($Y29>1.5,$Y29<=2),5,AND($Y29>2,$Y29<=3),6,AND($Y29>3,$Y29<=4),7,$Y29>4,8)} -> 0 | AD29: 8.93 | AE29: 1.41 | AF29: =AD29+AE29 -> 10.34 | AG29: 2570 | AH29: Q2
A30: 27 | B30: กรุงเทพมหานครและปริมณฑล | C30: กรุงเทพมหานคร | D30: หักเสาไฟฟ้า | E30: UG69/MSN/0001 | F30: ถนนตก (2 ฝั่งถนน) (ถนนพระราม 3 - กฟน.ยานนาวา) | G30: 1.1 | H30: BKK4 | I30: 2569 | J30: 46568 | L30: Wait Duct (NT) | M30: Re-route | N30: no | O30: 33600 | P30: =9650*0.2*12 -> 23160 | Q30: Request | R30: 13.697176484650662, 100.49704267467271 | S30: 13.69308524940448, 100.4924692323161 | T30: 12C | U30: =AF30 -> 1.21 | Z30: {=_xlfn.LET( _xlpm.a,IF(ISNUMBER($U30),$U30,IFERROR(_xlfn.NUMBERVALUE(TRIM($U30)),0)), _xlpm.b,IF(ISNUMBER($V30),$V30,IFERROR(_xlfn.NUMBERVALUE(TRIM($V30)),0)), _xlpm.score,_xlfn.LAMBDA(_xlpm.x,_xlfn.IFS(_xlpm.x<0,0,_xlpm.x=0,0,_xlpm.x<=0.5,2,_xlpm.x<=1,3,_xlpm.x<=1.5,4, _xlpm.x<=2,5,_xlpm.x<=3,6,_xlpm.x<=4,7,_xlpm.x<=5,8,_xlpm.x>5,9)), _xlpm.score(_xlpm.a)+_xlpm.score(_xlpm.b))} -> 4 | AA30: {=_xlfn.IFS($W30=0,0,AND($W30>0,$W30<=0.5),2,AND($W30>0.5,$W30<=1),3,AND($W30>1,$W30<=1.5),4,AND($W30>1.5,$W30<=2),5,AND($W30>2,$W30<=3),6,AND($W30>3,$W30<=4),7,$W30>4,8)} -> 0 | AB30: {=_xlfn.IFS($X30=0,0,AND($X30>0,$X30<=0.5),2,AND($X30>0.5,$X30<=1),3,AND($X30>1,$X30<=1.5),4,AND($X30>1.5,$X30<=2),5,AND($X30>2,$X30<=3),6,AND($X30>3,$X30<=4),7,$X30>4,8)} -> 0 | AC30: {=_xlfn.IFS($Y30=0,0,AND($Y30>0,$Y30<=0.5),2,AND($Y30>0.5,$Y30<=1),3,AND($Y30>1,$Y30<=1.5),4,AND($Y30>1.5,$Y30<=2),5,AND($Y30>2,$Y30<=3),6,AND($Y30>3,$Y30<=4),7,$Y30>4,8)} -> 0 | AD30: 1.045 | AE30: 0.165 | AF30: =AD30+AE30 -> 1.21 | AG30: 2571 | AH30: Q1
A31: 28 | B31: กรุงเทพมหานครและปริมณฑล | C31: กรุงเทพมหานคร | D31: หักเสาไฟฟ้า | E31: UG68/MSN/0021 | F31: เทียมร่วมมิตร (2 ฝั่งถนน) (แยกศูนย์วัฒนธรรม - ประชาอุทิศ) | G31: 5 | H31: BKK2 | I31: 2569 | J31: 46660 | L31: Wait Duct (NT) | M31: ลงใต้ดิน | N31: yes | O31: 348300 | P31: 187596 | Q31: Request | R31: 13.762591425569118, 100.57265766550815 | S31: 13.769063091571814, 100.59284282032604 | T31: 60C | W31: =AF31 -> 5.5 | Z31: {=_xlfn.LET( _xlpm.a,IF(ISNUMBER($U31),$U31,IFERROR(_xlfn.NUMBERVALUE(TRIM($U31)),0)), _xlpm.b,IF(ISNUMBER($V31),$V31,IFERROR(_xlfn.NUMBERVALUE(TRIM($V31)),0)), _xlpm.score,_xlfn.LAMBDA(_xlpm.x,_xlfn.IFS(_xlpm.x<0,0,_xlpm.x=0,0,_xlpm.x<=0.5,2,_xlpm.x<=1,3,_xlpm.x<=1.5,4, _xlpm.x<=2,5,_xlpm.x<=3,6,_xlpm.x<=4,7,_xlpm.x<=5,8,_xlpm.x>5,9)), _xlpm.score(_xlpm.a)+_xlpm.score(_xlpm.b))} -> 0 | AA31: {=_xlfn.IFS($W31=0,0,AND($W31>0,$W31<=0.5),2,AND($W31>0.5,$W31<=1),3,AND($W31>1,$W31<=1.5),4,AND($W31>1.5,$W31<=2),5,AND($W31>2,$W31<=3),6,AND($W31>3,$W31<=4),7,$W31>4,8)} -> 8 | AB31: {=_xlfn.IFS($X31=0,0,AND($X31>0,$X31<=0.5),2,AND($X31>0.5,$X31<=1),3,AND($X31>1,$X31<=1.5),4,AND($X31>1.5,$X31<=2),5,AND($X31>2,$X31<=3),6,AND($X31>3,$X31<=4),7,$X31>4,8)} -> 0 | AC31: {=_xlfn.IFS($Y31=0,0,AND($Y31>0,$Y31<=0.5),2,AND($Y31>0.5,$Y31<=1),3,AND($Y31>1,$Y31<=1.5),4,AND($Y31>1.5,$Y31<=2),5,AND($Y31>2,$Y31<=3),6,AND($Y31>3,$Y31<=4),7,$Y31>4,8)} -> 0 | AD31: 4.75 | AE31: 0.75 | AF31: =AD31+AE31 -> 5.5 | AG31: 2571 | AH31: Q2
A32: 29 | B32: กรุงเทพมหานครและปริมณฑล | C32: กรุงเทพมหานคร | D32: หักเสาไฟฟ้า | E32: UG68/MSN/0020 | F32: ถนนรามคำแหง 1 (2 ฝั่งถนน) (แยกคลองตัน - ทางรถไฟ) | G32: 0.4 | H32: BKK3 | I32: 2569 | J32: 46234 | K32: 46325 | L32: Wait Duct (NT) | M32: ลงใต้ดิน | N32: yes | O32: 77400 | P32: 27792 | Q32: Request | R32: 13.740986406319568, 100.60075742356503 | S32: 13.742830113711666, 100.60144260439787 | T32: 144C | X32: =AF32 -> 0.44 | Z32: {=_xlfn.LET( _xlpm.a,IF(ISNUMBER($U32),$U32,IFERROR(_xlfn.NUMBERVALUE(TRIM($U32)),0)), _xlpm.b,IF(ISNUMBER($V32),$V32,IFERROR(_xlfn.NUMBERVALUE(TRIM($V32)),0)), _xlpm.score,_xlfn.LAMBDA(_xlpm.x,_xlfn.IFS(_xlpm.x<0,0,_xlpm.x=0,0,_xlpm.x<=0.5,2,_xlpm.x<=1,3,_xlpm.x<=1.5,4, _xlpm.x<=2,5,_xlpm.x<=3,6,_xlpm.x<=4,7,_xlpm.x<=5,8,_xlpm.x>5,9)), _xlpm.score(_xlpm.a)+_xlpm.score(_xlpm.b))} -> 0 | AA32: {=_xlfn.IFS($W32=0,0,AND($W32>0,$W32<=0.5),2,AND($W32>0.5,$W32<=1),3,AND($W32>1,$W32<=1.5),4,AND($W32>1.5,$W32<=2),5,AND($W32>2,$W32<=3),6,AND($W32>3,$W32<=4),7,$W32>4,8)} -> 0 | AB32: {=_xlfn.IFS($X32=0,0,AND($X32>0,$X32<=0.5),2,AND($X32>0.5,$X32<=1),3,AND($X32>1,$X32<=1.5),4,AND($X32>1.5,$X32<=2),5,AND($X32>2,$X32<=3),6,AND($X32>3,$X32<=4),7,$X32>4,8)} -> 2 | AC32: {=_xlfn.IFS($Y32=0,0,AND($Y32>0,$Y32<=0.5),2,AND($Y32>0.5,$Y32<=1),3,AND($Y32>1,$Y32<=1.5),4,AND($Y32>1.5,$Y32<=2),5,AND($Y32>2,$Y32<=3),6,AND($Y32>3,$Y32<=4),7,$Y32>4,8)} -> 0 | AD32: 0.38 | AE32: 0.06 | AF32: =AD32+AE32 -> 0.44 | AG32: 2570 | AH32: Q2
A33: 30 | B33: กรุงเทพมหานครและปริมณฑล | C33: กรุงเทพมหานคร | D33: หักเสาไฟฟ้า | E33: UG68/MSN/0025 | F33: ถนนรามคำแหง 1 (2 ฝั่งถนน) (ทางรถไฟ - แยกลำสาสี) | G33: 11.2 | H33: BKK3 | I33: 2569 | J33: 46142 | K33: 46325 | L33: Onprocess | M33: ลงใต้ดิน | N33: yes | O33: 1516443.6 | P33: 507342.56 | Q33: Approved | R33: 13.742830113711666, 100.60144260439787 | S33: 13.762676916859343, 100.64562951492596 | T33: 144C | X33: =AF33 -> 12.32 | Z33: {=_xlfn.LET( _xlpm.a,IF(ISNUMBER($U33),$U33,IFERROR(_xlfn.NUMBERVALUE(TRIM($U33)),0)), _xlpm.b,IF(ISNUMBER($V33),$V33,IFERROR(_xlfn.NUMBERVALUE(TRIM($V33)),0)), _xlpm.score,_xlfn.LAMBDA(_xlpm.x,_xlfn.IFS(_xlpm.x<0,0,_xlpm.x=0,0,_xlpm.x<=0.5,2,_xlpm.x<=1,3,_xlpm.x<=1.5,4, _xlpm.x<=2,5,_xlpm.x<=3,6,_xlpm.x<=4,7,_xlpm.x<=5,8,_xlpm.x>5,9)), _xlpm.score(_xlpm.a)+_xlpm.score(_xlpm.b))} -> 0 | AA33: {=_xlfn.IFS($W33=0,0,AND($W33>0,$W33<=0.5),2,AND($W33>0.5,$W33<=1),3,AND($W33>1,$W33<=1.5),4,AND($W33>1.5,$W33<=2),5,AND($W33>2,$W33<=3),6,AND($W33>3,$W33<=4),7,$W33>4,8)} -> 0 | AB33: {=_xlfn.IFS($X33=0,0,AND($X33>0,$X33<=0.5),2,AND($X33>0.5,$X33<=1),3,AND($X33>1,$X33<=1.5),4,AND($X33>1.5,$X33<=2),5,AND($X33>2,$X33<=3),6,AND($X33>3,$X33<=4),7,$X33>4,8)} -> 8 | AC33: {=_xlfn.IFS($Y33=0,0,AND($Y33>0,$Y33<=0.5),2,AND($Y33>0.5,$Y33<=1),3,AND($Y33>1,$Y33<=1.5),4,AND($Y33>1.5,$Y33<=2),5,AND($Y33>2,$Y33<=3),6,AND($Y33>3,$Y33<=4),7,$Y33>4,8)} -> 0 | AD33: 10.64 | AE33: 1.68 | AF33: =AD33+AE33 -> 12.32 | AG33: 2569 | AH33: Q1
A34: 31 | B34: กรุงเทพมหานครและปริมณฑล | C34: นนทบุรี | D34: หักเสาไฟฟ้า | E34: UG68/MSN/0009 | F34: ถนนแจ้งวัฒนะ ช่วงที่ 2 (2 ฝั่งถนน) (ห้าแยกปากเกร็ด - ทางพิเศษศรีรัช) | G34: 8.4 | H34: BKK2 | I34: 2569 | J34: 46203 | K34: 46327 | L34: Wait Duct (NT) | M34: ลงใต้ดิน | N34: no | O34: 1974000 | P34: 972720 | Q34: Request | R34: 13.907518910842692, 100.50426855225544 | S34: 13.899426717362157, 100.54274973571448 | T34: 144C | X34: =AF34 -> 9.24 | Z34: {=_xlfn.LET( _xlpm.a,IF(ISNUMBER($U34),$U34,IFERROR(_xlfn.NUMBERVALUE(TRIM($U34)),0)), _xlpm.b,IF(ISNUMBER($V34),$V34,IFERROR(_xlfn.NUMBERVALUE(TRIM($V34)),0)), _xlpm.score,_xlfn.LAMBDA(_xlpm.x,_xlfn.IFS(_xlpm.x<0,0,_xlpm.x=0,0,_xlpm.x<=0.5,2,_xlpm.x<=1,3,_xlpm.x<=1.5,4, _xlpm.x<=2,5,_xlpm.x<=3,6,_xlpm.x<=4,7,_xlpm.x<=5,8,_xlpm.x>5,9)), _xlpm.score(_xlpm.a)+_xlpm.score(_xlpm.b))} -> 0 | AA34: {=_xlfn.IFS($W34=0,0,AND($W34>0,$W34<=0.5),2,AND($W34>0.5,$W34<=1),3,AND($W34>1,$W34<=1.5),4,AND($W34>1.5,$W34<=2),5,AND($W34>2,$W34<=3),6,AND($W34>3,$W34<=4),7,$W34>4,8)} -> 0 | AB34: {=_xlfn.IFS($X34=0,0,AND($X34>0,$X34<=0.5),2,AND($X34>0.5,$X34<=1),3,AND($X34>1,$X34<=1.5),4,AND($X34>1.5,$X34<=2),5,AND($X34>2,$X34<=3),6,AND($X34>3,$X34<=4),7,$X34>4,8)} -> 8 | AC34: {=_xlfn.IFS($Y34=0,0,AND($Y34>0,$Y34<=0.5),2,AND($Y34>0.5,$Y34<=1),3,AND($Y34>1,$Y34<=1.5),4,AND($Y34>1.5,$Y34<=2),5,AND($Y34>2,$Y34<=3),6,AND($Y34>3,$Y34<=4),7,$Y34>4,8)} -> 0 | AD34: 7.98 | AE34: 1.26 | AF34: =AD34+AE34 -> 9.24 | AG34: 2570 | AH34: Q2
A35: 32 | B35: กรุงเทพมหานครและปริมณฑล | C35: กรุงเทพมหานคร | D35: หักเสาไฟฟ้า | E35: UG68/MSN/0022 | F35: ถนนบรมราชชนนี (2 ฝั่งถนน) (แยกอรุณ - สมเด็จพระปิ่นเกล้า-สายใต้เก่า) | G35: 5.6 | H35: BKK1 | I35: 2569 | J35: 46234 | K35: 46342 | L35: Wait Duct (NT) | M35: ลงใต้ดิน | N35: yes | O35: 538200 | P35: 319608 | Q35: Request | R35: 13.768484342823152, 100.48575350796152 | S35: 13.78747686967618, 100.46862468398734 | T35: 144C | X35: =AF35 -> 6.16 | Z35: {=_xlfn.LET( _xlpm.a,IF(ISNUMBER($U35),$U35,IFERROR(_xlfn.NUMBERVALUE(TRIM($U35)),0)), _xlpm.b,IF(ISNUMBER($V35),$V35,IFERROR(_xlfn.NUMBERVALUE(TRIM($V35)),0)), _xlpm.score,_xlfn.LAMBDA(_xlpm.x,_xlfn.IFS(_xlpm.x<0,0,_xlpm.x=0,0,_xlpm.x<=0.5,2,_xlpm.x<=1,3,_xlpm.x<=1.5,4, _xlpm.x<=2,5,_xlpm.x<=3,6,_xlpm.x<=4,7,_xlpm.x<=5,8,_xlpm.x>5,9)), _xlpm.score(_xlpm.a)+_xlpm.score(_xlpm.b))} -> 0 | AA35: {=_xlfn.IFS($W35=0,0,AND($W35>0,$W35<=0.5),2,AND($W35>0.5,$W35<=1),3,AND($W35>1,$W35<=1.5),4,AND($W35>1.5,$W35<=2),5,AND($W35>2,$W35<=3),6,AND($W35>3,$W35<=4),7,$W35>4,8)} -> 0 | AB35: {=_xlfn.IFS($X35=0,0,AND($X35>0,$X35<=0.5),2,AND($X35>0.5,$X35<=1),3,AND($X35>1,$X35<=1.5),4,AND($X35>1.5,$X35<=2),5,AND($X35>2,$X35<=3),6,AND($X35>3,$X35<=4),7,$X35>4,8)} -> 8 | AC35: {=_xlfn.IFS($Y35=0,0,AND($Y35>0,$Y35<=0.5),2,AND($Y35>0.5,$Y35<=1),3,AND($Y35>1,$Y35<=1.5),4,AND($Y35>1.5,$Y35<=2),5,AND($Y35>2,$Y35<=3),6,AND($Y35>3,$Y35<=4),7,$Y35>4,8)} -> 0 | AD35: 5.32 | AE35: 0.84 | AF35: =AD35+AE35 -> 6.16 | AG35: 2570 | AH35: Q3
A36: 33 | B36: กรุงเทพมหานครและปริมณฑล | C36: กรุงเทพมหานคร | D36: หักเสาไฟฟ้า | E36: UG68/MSN/0006 | F36: ถนนสาทร (2 ฝั่งถนน) (แยกถนนพระรามที่ 4 - ถนนเจริญกรุง) | G36: 6.6 | H36: BKK4 | I36: 2569 | J36: 46326 | K36: 46446 | L36: Wait Duct (NT) | M36: ลงใต้ดิน | N36: no | O36: 2437500 | P36: 868500 | Q36: Approved | R36: 13.72630499219555, 100.54443991593318 | S36: 13.71861788590893, 100.51513825939988 | T36: 216C | Y36: =AF36 -> 7.26 | Z36: {=_xlfn.LET( _xlpm.a,IF(ISNUMBER($U36),$U36,IFERROR(_xlfn.NUMBERVALUE(TRIM($U36)),0)), _xlpm.b,IF(ISNUMBER($V36),$V36,IFERROR(_xlfn.NUMBERVALUE(TRIM($V36)),0)), _xlpm.score,_xlfn.LAMBDA(_xlpm.x,_xlfn.IFS(_xlpm.x<0,0,_xlpm.x=0,0,_xlpm.x<=0.5,2,_xlpm.x<=1,3,_xlpm.x<=1.5,4, _xlpm.x<=2,5,_xlpm.x<=3,6,_xlpm.x<=4,7,_xlpm.x<=5,8,_xlpm.x>5,9)), _xlpm.score(_xlpm.a)+_xlpm.score(_xlpm.b))} -> 0 | AA36: {=_xlfn.IFS($W36=0,0,AND($W36>0,$W36<=0.5),2,AND($W36>0.5,$W36<=1),3,AND($W36>1,$W36<=1.5),4,AND($W36>1.5,$W36<=2),5,AND($W36>2,$W36<=3),6,AND($W36>3,$W36<=4),7,$W36>4,8)} -> 0 | AB36: {=_xlfn.IFS($X36=0,0,AND($X36>0,$X36<=0.5),2,AND($X36>0.5,$X36<=1),3,AND($X36>1,$X36<=1.5),4,AND($X36>1.5,$X36<=2),5,AND($X36>2,$X36<=3),6,AND($X36>3,$X36<=4),7,$X36>4,8)} -> 0 | AC36: {=_xlfn.IFS($Y36=0,0,AND($Y36>0,$Y36<=0.5),2,AND($Y36>0.5,$Y36<=1),3,AND($Y36>1,$Y36<=1.5),4,AND($Y36>1.5,$Y36<=2),5,AND($Y36>2,$Y36<=3),6,AND($Y36>3,$Y36<=4),7,$Y36>4,8)} -> 8 | AD36: 6.27 | AE36: 0.99 | AF36: =AD36+AE36 -> 7.26 | AG36: 2569 | AH36: Q3
A37: 34 | B37: กรุงเทพมหานครและปริมณฑล | C37: กรุงเทพมหานคร | D37: ไม่หักเสาไฟฟ้า | E37: UG68/OTH/0001 | F37: ถนนทรงวาด (2 ฝั่งถนน) (ถนนราชวงศ์ - ถนนเจริญกรุง) | G37: 2.2 | H37: BKK4 | I37: 2569 | J37: 46203 | K37: 46345 | L37: Wait Duct (NT) | M37: ลงใต้ดิน | N37: yes | O37: 28800 | P37: 11580 | Q37: Request | R37: 13.739560982438089, 100.50483215284562 | S37: 13.736179726306444, 100.51354391848832 | T37: 60C | W37: =AF37 -> 2.42 | Z37: {=_xlfn.LET( _xlpm.a,IF(ISNUMBER($U37),$U37,IFERROR(_xlfn.NUMBERVALUE(TRIM($U37)),0)), _xlpm.b,IF(ISNUMBER($V37),$V37,IFERROR(_xlfn.NUMBERVALUE(TRIM($V37)),0)), _xlpm.score,_xlfn.LAMBDA(_xlpm.x,_xlfn.IFS(_xlpm.x<0,0,_xlpm.x=0,0,_xlpm.x<=0.5,2,_xlpm.x<=1,3,_xlpm.x<=1.5,4, _xlpm.x<=2,5,_xlpm.x<=3,6,_xlpm.x<=4,7,_xlpm.x<=5,8,_xlpm.x>5,9)), _xlpm.score(_xlpm.a)+_xlpm.score(_xlpm.b))} -> 0 | AA37: {=_xlfn.IFS($W37=0,0,AND($W37>0,$W37<=0.5),2,AND($W37>0.5,$W37<=1),3,AND($W37>1,$W37<=1.5),4,AND($W37>1.5,$W37<=2),5,AND($W37>2,$W37<=3),6,AND($W37>3,$W37<=4),7,$W37>4,8)} -> 6 | AB37: {=_xlfn.IFS($X37=0,0,AND($X37>0,$X37<=0.5),2,AND($X37>0.5,$X37<=1),3,AND($X37>1,$X37<=1.5),4,AND($X37>1.5,$X37<=2),5,AND($X37>2,$X37<=3),6,AND($X37>3,$X37<=4),7,$X37>4,8)} -> 0 | AC37: {=_xlfn.IFS($Y37=0,0,AND($Y37>0,$Y37<=0.5),2,AND($Y37>0.5,$Y37<=1),3,AND($Y37>1,$Y37<=1.5),4,AND($Y37>1.5,$Y37<=2),5,AND($Y37>2,$Y37<=3),6,AND($Y37>3,$Y37<=4),7,$Y37>4,8)} -> 0 | AD37: 2.09 | AE37: 0.33 | AF37: =AD37+AE37 -> 2.42 | AG37: 2570 | AH37: Q3
A38: 35 | B38: กรุงเทพมหานครและปริมณฑล | C38: กรุงเทพมหานคร | D38: ไม่หักเสาไฟฟ้า | E38: UG65/OTH/0007 | F38: ถนนวิภาวดีรังสิต (2 ฝั่งถนน) (ห้าแยกลาดพร้าว - แยกรัชวิภา) | G38: 3.8 | H38: BKK2 | I38: 2569 | J38: 46234 | K38: 46349 | L38: Wait Duct (NT) | M38: ลงใต้ดิน | N38: yes | O38: 490200 | P38: 264024 | Q38: Request | R38: 13.813637399905678, 100.5601922880701 | S38: 13.83061678294147, 100.55769289913887 | T38: 144C | X38: =AF38 -> 4.18 | Z38: {=_xlfn.LET( _xlpm.a,IF(ISNUMBER($U38),$U38,IFERROR(_xlfn.NUMBERVALUE(TRIM($U38)),0)), _xlpm.b,IF(ISNUMBER($V38),$V38,IFERROR(_xlfn.NUMBERVALUE(TRIM($V38)),0)), _xlpm.score,_xlfn.LAMBDA(_xlpm.x,_xlfn.IFS(_xlpm.x<0,0,_xlpm.x=0,0,_xlpm.x<=0.5,2,_xlpm.x<=1,3,_xlpm.x<=1.5,4, _xlpm.x<=2,5,_xlpm.x<=3,6,_xlpm.x<=4,7,_xlpm.x<=5,8,_xlpm.x>5,9)), _xlpm.score(_xlpm.a)+_xlpm.score(_xlpm.b))} -> 0 | AA38: {=_xlfn.IFS($W38=0,0,AND($W38>0,$W38<=0.5),2,AND($W38>0.5,$W38<=1),3,AND($W38>1,$W38<=1.5),4,AND($W38>1.5,$W38<=2),5,AND($W38>2,$W38<=3),6,AND($W38>3,$W38<=4),7,$W38>4,8)} -> 0 | AB38: {=_xlfn.IFS($X38=0,0,AND($X38>0,$X38<=0.5),2,AND($X38>0.5,$X38<=1),3,AND($X38>1,$X38<=1.5),4,AND($X38>1.5,$X38<=2),5,AND($X38>2,$X38<=3),6,AND($X38>3,$X38<=4),7,$X38>4,8)} -> 8 | AC38: {=_xlfn.IFS($Y38=0,0,AND($Y38>0,$Y38<=0.5),2,AND($Y38>0.5,$Y38<=1),3,AND($Y38>1,$Y38<=1.5),4,AND($Y38>1.5,$Y38<=2),5,AND($Y38>2,$Y38<=3),6,AND($Y38>3,$Y38<=4),7,$Y38>4,8)} -> 0 | AD38: 3.61 | AE38: 0.57 | AF38: =AD38+AE38 -> 4.18 | AG38: 2570 | AH38: Q3
A39: 36 | B39: กรุงเทพมหานครและปริมณฑล | C39: กรุงเทพมหานคร | D39: ไม่หักเสาไฟฟ้า | E39: UG65/OTH/0016 | F39: ถนนวิภาวดีรังสิต (2 ฝั่งถนน) (แยกรัชวิภา - ถนนงามวงศ์วาน) | G39: 4 | H39: BKK2 | I39: 2569 | J39: 46234 | K39: 46350 | L39: Wait Duct (NT) | M39: ลงใต้ดิน | N39: yes | O39: 516000 | P39: 277920 | Q39: Request | R39: 13.83061678294147, 100.55769289913887 | S39: 13.847539117538599, 100.56154407157679 | T39: 144C | X39: =AF39 -> 4.4 | Z39: {=_xlfn.LET( _xlpm.a,IF(ISNUMBER($U39),$U39,IFERROR(_xlfn.NUMBERVALUE(TRIM($U39)),0)), _xlpm.b,IF(ISNUMBER($V39),$V39,IFERROR(_xlfn.NUMBERVALUE(TRIM($V39)),0)), _xlpm.score,_xlfn.LAMBDA(_xlpm.x,_xlfn.IFS(_xlpm.x<0,0,_xlpm.x=0,0,_xlpm.x<=0.5,2,_xlpm.x<=1,3,_xlpm.x<=1.5,4, _xlpm.x<=2,5,_xlpm.x<=3,6,_xlpm.x<=4,7,_xlpm.x<=5,8,_xlpm.x>5,9)), _xlpm.score(_xlpm.a)+_xlpm.score(_xlpm.b))} -> 0 | AA39: {=_xlfn.IFS($W39=0,0,AND($W39>0,$W39<=0.5),2,AND($W39>0.5,$W39<=1),3,AND($W39>1,$W39<=1.5),4,AND($W39>1.5,$W39<=2),5,AND($W39>2,$W39<=3),6,AND($W39>3,$W39<=4),7,$W39>4,8)} -> 0 | AB39: {=_xlfn.IFS($X39=0,0,AND($X39>0,$X39<=0.5),2,AND($X39>0.5,$X39<=1),3,AND($X39>1,$X39<=1.5),4,AND($X39>1.5,$X39<=2),5,AND($X39>2,$X39<=3),6,AND($X39>3,$X39<=4),7,$X39>4,8)} -> 8 | AC39: {=_xlfn.IFS($Y39=0,0,AND($Y39>0,$Y39<=0.5),2,AND($Y39>0.5,$Y39<=1),3,AND($Y39>1,$Y39<=1.5),4,AND($Y39>1.5,$Y39<=2),5,AND($Y39>2,$Y39<=3),6,AND($Y39>3,$Y39<=4),7,$Y39>4,8)} -> 0 | AD39: 3.8 | AE39: 0.6 | AF39: =AD39+AE39 -> 4.4 | AG39: 2570 | AH39: Q3
A40: 37 | B40: กรุงเทพมหานครและปริมณฑล | C40: นนทบุรี | D40: หักเสาไฟฟ้า | E40: UG68/MSN/0003 | F40: ถนนติวานนท์ (2 ฝั่งถนน) (แยกกรุงเทพนนท์ - แยกแคราย) | G40: 7.6 | H40: BKK2 | I40: 2569 | J40: 46234 | K40: 46326 | L40: Wait Duct (NT) | M40: ลงใต้ดิน | N40: yes | O40: 774000 | P40: 416880 | Q40: Request | R40: 13.84298287114514, 100.51090893807161 | S40: 13.85902955876802, 100.52166995473303 | T40: 144C | X40: =AF40 -> 8.36 | Z40: {=_xlfn.LET( _xlpm.a,IF(ISNUMBER($U40),$U40,IFERROR(_xlfn.NUMBERVALUE(TRIM($U40)),0)), _xlpm.b,IF(ISNUMBER($V40),$V40,IFERROR(_xlfn.NUMBERVALUE(TRIM($V40)),0)), _xlpm.score,_xlfn.LAMBDA(_xlpm.x,_xlfn.IFS(_xlpm.x<0,0,_xlpm.x=0,0,_xlpm.x<=0.5,2,_xlpm.x<=1,3,_xlpm.x<=1.5,4, _xlpm.x<=2,5,_xlpm.x<=3,6,_xlpm.x<=4,7,_xlpm.x<=5,8,_xlpm.x>5,9)), _xlpm.score(_xlpm.a)+_xlpm.score(_xlpm.b))} -> 0 | AA40: {=_xlfn.IFS($W40=0,0,AND($W40>0,$W40<=0.5),2,AND($W40>0.5,$W40<=1),3,AND($W40>1,$W40<=1.5),4,AND($W40>1.5,$W40<=2),5,AND($W40>2,$W40<=3),6,AND($W40>3,$W40<=4),7,$W40>4,8)} -> 0 | AB40: {=_xlfn.IFS($X40=0,0,AND($X40>0,$X40<=0.5),2,AND($X40>0.5,$X40<=1),3,AND($X40>1,$X40<=1.5),4,AND($X40>1.5,$X40<=2),5,AND($X40>2,$X40<=3),6,AND($X40>3,$X40<=4),7,$X40>4,8)} -> 8 | AC40: {=_xlfn.IFS($Y40=0,0,AND($Y40>0,$Y40<=0.5),2,AND($Y40>0.5,$Y40<=1),3,AND($Y40>1,$Y40<=1.5),4,AND($Y40>1.5,$Y40<=2),5,AND($Y40>2,$Y40<=3),6,AND($Y40>3,$Y40<=4),7,$Y40>4,8)} -> 0 | AD40: 7.22 | AE40: 1.14 | AF40: =AD40+AE40 -> 8.36 | AG40: 2570 | AH40: Q2
A41: 38 | B41: กรุงเทพมหานครและปริมณฑล | C41: กรุงเทพมหานคร | D41: หักเสาไฟฟ้า | E41: UG68/MSN/0026 | F41: ถนนนครอินทร์ (2 ฝั่งถนน) (นครอินทร์ - กรุงเทพนนท์) | G41: 7.6 | H41: BKK2 | I41: 2569 | J41: 46387 | K41: 46350 | L41: Wait Duct (NT) | M41: ลงใต้ดิน+Re-route | N41: yes | O41: 516000 | P41: 277920 | Q41: Request | R41: 13.833026077932532, 100.49630051361952 | S41: 13.843006092864622, 100.51086234465382 | T41: 60C | W41: =AF41 -> 8.36 | Z41: {=_xlfn.LET( _xlpm.a,IF(ISNUMBER($U41),$U41,IFERROR(_xlfn.NUMBERVALUE(TRIM($U41)),0)), _xlpm.b,IF(ISNUMBER($V41),$V41,IFERROR(_xlfn.NUMBERVALUE(TRIM($V41)),0)), _xlpm.score,_xlfn.LAMBDA(_xlpm.x,_xlfn.IFS(_xlpm.x<0,0,_xlpm.x=0,0,_xlpm.x<=0.5,2,_xlpm.x<=1,3,_xlpm.x<=1.5,4, _xlpm.x<=2,5,_xlpm.x<=3,6,_xlpm.x<=4,7,_xlpm.x<=5,8,_xlpm.x>5,9)), _xlpm.score(_xlpm.a)+_xlpm.score(_xlpm.b))} -> 0 | AA41: {=_xlfn.IFS($W41=0,0,AND($W41>0,$W41<=0.5),2,AND($W41>0.5,$W41<=1),3,AND($W41>1,$W41<=1.5),4,AND($W41>1.5,$W41<=2),5,AND($W41>2,$W41<=3),6,AND($W41>3,$W41<=4),7,$W41>4,8)} -> 8 | AB41: {=_xlfn.IFS($X41=0,0,AND($X41>0,$X41<=0.5),2,AND($X41>0.5,$X41<=1),3,AND($X41>1,$X41<=1.5),4,AND($X41>1.5,$X41<=2),5,AND($X41>2,$X41<=3),6,AND($X41>3,$X41<=4),7,$X41>4,8)} -> 0 | AC41: {=_xlfn.IFS($Y41=0,0,AND($Y41>0,$Y41<=0.5),2,AND($Y41>0.5,$Y41<=1),3,AND($Y41>1,$Y41<=1.5),4,AND($Y41>1.5,$Y41<=2),5,AND($Y41>2,$Y41<=3),6,AND($Y41>3,$Y41<=4),7,$Y41>4,8)} -> 0 | AD41: 7.22 | AE41: 1.14 | AF41: =AD41+AE41 -> 8.36 | AG41: 2570 | AH41: Q2
A42: 39 | B42: กรุงเทพมหานครและปริมณฑล | C42: กรุงเทพมหานคร | D42: หักเสาไฟฟ้า | E42: UG65/NTC/0008 | F42: ถนนรัชดาภิเษก 2 (2 ฝั่งถนน) (ถนนเพชรบุรี - แยกสุทธิสาร) | G42: 9.6 | H42: BKK2 | I42: 2569 | J42: 46234 | K42: 46356 | L42: Wait Duct (NT) | M42: ลงใต้ดิน | N42: yes | O42: 1749000 | P42: 736488 | Q42: Request | R42: 13.748956008689177, 100.56338852059962 | S42: 13.789756397039273, 100.57417618016926 | T42: 144C | X42: =AF42 -> 10.56 | Z42: {=_xlfn.LET( _xlpm.a,IF(ISNUMBER($U42),$U42,IFERROR(_xlfn.NUMBERVALUE(TRIM($U42)),0)), _xlpm.b,IF(ISNUMBER($V42),$V42,IFERROR(_xlfn.NUMBERVALUE(TRIM($V42)),0)), _xlpm.score,_xlfn.LAMBDA(_xlpm.x,_xlfn.IFS(_xlpm.x<0,0,_xlpm.x=0,0,_xlpm.x<=0.5,2,_xlpm.x<=1,3,_xlpm.x<=1.5,4, _xlpm.x<=2,5,_xlpm.x<=3,6,_xlpm.x<=4,7,_xlpm.x<=5,8,_xlpm.x>5,9)), _xlpm.score(_xlpm.a)+_xlpm.score(_xlpm.b))} -> 0 | AA42: {=_xlfn.IFS($W42=0,0,AND($W42>0,$W42<=0.5),2,AND($W42>0.5,$W42<=1),3,AND($W42>1,$W42<=1.5),4,AND($W42>1.5,$W42<=2),5,AND($W42>2,$W42<=3),6,AND($W42>3,$W42<=4),7,$W42>4,8)} -> 0 | AB42: {=_xlfn.IFS($X42=0,0,AND($X42>0,$X42<=0.5),2,AND($X42>0.5,$X42<=1),3,AND($X42>1,$X42<=1.5),4,AND($X42>1.5,$X42<=2),5,AND($X42>2,$X42<=3),6,AND($X42>3,$X42<=4),7,$X42>4,8)} -> 8 | AC42: {=_xlfn.IFS($Y42=0,0,AND($Y42>0,$Y42<=0.5),2,AND($Y42>0.5,$Y42<=1),3,AND($Y42>1,$Y42<=1.5),4,AND($Y42>1.5,$Y42<=2),5,AND($Y42>2,$Y42<=3),6,AND($Y42>3,$Y42<=4),7,$Y42>4,8)} -> 0 | AD42: 9.12 | AE42: 1.44 | AF42: =AD42+AE42 -> 10.56 | AG42: 2570 | AH42: Q3
A43: 40 | B43: กรุงเทพมหานครและปริมณฑล | C43: กรุงเทพมหานคร | D43: หักเสาไฟฟ้า | E43: UG68/NTC/0013 | F43: ถนนเพชรบุรี ช่วงที่ 1 (2 ฝั่งถนน) (แยกคลองตัน - ทางรถไฟ) | G43: 11.2 | H43: BKK4 | I43: 2569 | J43: 46234 | K43: 46356 | L43: Wait Duct (NT) | M43: ลงใต้ดิน | N43: yes | O43: 1912500 | P43: 868500 | Q43: Request | R43: 13.740981230694201, 100.60078273605333 | S43: 13.749005091156855, 100.5634206550746 | T43: 144C | X43: =AF43 -> 12.32 | Z43: {=_xlfn.LET( _xlpm.a,IF(ISNUMBER($U43),$U43,IFERROR(_xlfn.NUMBERVALUE(TRIM($U43)),0)), _xlpm.b,IF(ISNUMBER($V43),$V43,IFERROR(_xlfn.NUMBERVALUE(TRIM($V43)),0)), _xlpm.score,_xlfn.LAMBDA(_xlpm.x,_xlfn.IFS(_xlpm.x<0,0,_xlpm.x=0,0,_xlpm.x<=0.5,2,_xlpm.x<=1,3,_xlpm.x<=1.5,4, _xlpm.x<=2,5,_xlpm.x<=3,6,_xlpm.x<=4,7,_xlpm.x<=5,8,_xlpm.x>5,9)), _xlpm.score(_xlpm.a)+_xlpm.score(_xlpm.b))} -> 0 | AA43: {=_xlfn.IFS($W43=0,0,AND($W43>0,$W43<=0.5),2,AND($W43>0.5,$W43<=1),3,AND($W43>1,$W43<=1.5),4,AND($W43>1.5,$W43<=2),5,AND($W43>2,$W43<=3),6,AND($W43>3,$W43<=4),7,$W43>4,8)} -> 0 | AB43: {=_xlfn.IFS($X43=0,0,AND($X43>0,$X43<=0.5),2,AND($X43>0.5,$X43<=1),3,AND($X43>1,$X43<=1.5),4,AND($X43>1.5,$X43<=2),5,AND($X43>2,$X43<=3),6,AND($X43>3,$X43<=4),7,$X43>4,8)} -> 8 | AC43: {=_xlfn.IFS($Y43=0,0,AND($Y43>0,$Y43<=0.5),2,AND($Y43>0.5,$Y43<=1),3,AND($Y43>1,$Y43<=1.5),4,AND($Y43>1.5,$Y43<=2),5,AND($Y43>2,$Y43<=3),6,AND($Y43>3,$Y43<=4),7,$Y43>4,8)} -> 0 | AD43: 10.64 | AE43: 1.68 | AF43: =AD43+AE43 -> 12.32 | AG43: 2570 | AH43: Q1
A44: 41 | B44: กรุงเทพมหานครและปริมณฑล | C44: สมุทรปราการ | D44: หักเสาไฟฟ้า | E44: UG66/MSN/0006 | F44: ถนนเทพารักษ์ (2 ฝั่งถนน) (ถนนศรีนครินทร์ - ถนนสุขุทวิท) | G44: 8 | H44: BKK3 | I44: 2569 | J44: 46295 | K44: 46357 | L44: Onprocess | M44: ลงใต้ดิน | N44: yes | O44: 1518000 | P44: 337750 | Q44: Approved | R44: 13.627654688688677, 100.62693086661409 | S44: 13.645462789992136, 100.59540816586255 | T44: 60C | W44: =AF44 -> 8.8 | Z44: {=_xlfn.LET( _xlpm.a,IF(ISNUMBER($U44),$U44,IFERROR(_xlfn.NUMBERVALUE(TRIM($U44)),0)), _xlpm.b,IF(ISNUMBER($V44),$V44,IFERROR(_xlfn.NUMBERVALUE(TRIM($V44)),0)), _xlpm.score,_xlfn.LAMBDA(_xlpm.x,_xlfn.IFS(_xlpm.x<0,0,_xlpm.x=0,0,_xlpm.x<=0.5,2,_xlpm.x<=1,3,_xlpm.x<=1.5,4, _xlpm.x<=2,5,_xlpm.x<=3,6,_xlpm.x<=4,7,_xlpm.x<=5,8,_xlpm.x>5,9)), _xlpm.score(_xlpm.a)+_xlpm.score(_xlpm.b))} -> 0 | AA44: {=_xlfn.IFS($W44=0,0,AND($W44>0,$W44<=0.5),2,AND($W44>0.5,$W44<=1),3,AND($W44>1,$W44<=1.5),4,AND($W44>1.5,$W44<=2),5,AND($W44>2,$W44<=3),6,AND($W44>3,$W44<=4),7,$W44>4,8)} -> 8 | AB44: {=_xlfn.IFS($X44=0,0,AND($X44>0,$X44<=0.5),2,AND($X44>0.5,$X44<=1),3,AND($X44>1,$X44<=1.5),4,AND($X44>1.5,$X44<=2),5,AND($X44>2,$X44<=3),6,AND($X44>3,$X44<=4),7,$X44>4,8)} -> 0 | AC44: {=_xlfn.IFS($Y44=0,0,AND($Y44>0,$Y44<=0.5),2,AND($Y44>0.5,$Y44<=1),3,AND($Y44>1,$Y44<=1.5),4,AND($Y44>1.5,$Y44<=2),5,AND($Y44>2,$Y44<=3),6,AND($Y44>3,$Y44<=4),7,$Y44>4,8)} -> 0 | AD44: 7.6 | AE44: 1.2 | AF44: =AD44+AE44 -> 8.8 | AG44: 2568 | AH44: Q4
A45: 42 | B45: กรุงเทพมหานครและปริมณฑล | C45: กรุงเทพมหานคร | D45: หักเสาไฟฟ้า | E45: UG68/MSN/0014 | F45: ถนนวงศ์สว่าง (2 ฝั่งถนน) (แยกวงศ์สว่าง - สะพานพระรามที่ 7) | G45: 3.6 | H45: BKK2 | I45: 2569 | J45: 46234 | K45: 46357 | L45: Wait Duct (NT) | M45: ลงใต้ดิน | N45: yes | O45: 309600 | P45: 166752 | Q45: Request | R45: 13.828280446564875, 100.52844899918583 | S45: 13.815065383626976, 100.51465005727985 | T45: 60C | W45: =AF45 -> 3.96 | Z45: {=_xlfn.LET( _xlpm.a,IF(ISNUMBER($U45),$U45,IFERROR(_xlfn.NUMBERVALUE(TRIM($U45)),0)), _xlpm.b,IF(ISNUMBER($V45),$V45,IFERROR(_xlfn.NUMBERVALUE(TRIM($V45)),0)), _xlpm.score,_xlfn.LAMBDA(_xlpm.x,_xlfn.IFS(_xlpm.x<0,0,_xlpm.x=0,0,_xlpm.x<=0.5,2,_xlpm.x<=1,3,_xlpm.x<=1.5,4, _xlpm.x<=2,5,_xlpm.x<=3,6,_xlpm.x<=4,7,_xlpm.x<=5,8,_xlpm.x>5,9)), _xlpm.score(_xlpm.a)+_xlpm.score(_xlpm.b))} -> 0 | AA45: {=_xlfn.IFS($W45=0,0,AND($W45>0,$W45<=0.5),2,AND($W45>0.5,$W45<=1),3,AND($W45>1,$W45<=1.5),4,AND($W45>1.5,$W45<=2),5,AND($W45>2,$W45<=3),6,AND($W45>3,$W45<=4),7,$W45>4,8)} -> 7 | AB45: {=_xlfn.IFS($X45=0,0,AND($X45>0,$X45<=0.5),2,AND($X45>0.5,$X45<=1),3,AND($X45>1,$X45<=1.5),4,AND($X45>1.5,$X45<=2),5,AND($X45>2,$X45<=3),6,AND($X45>3,$X45<=4),7,$X45>4,8)} -> 0 | AC45: {=_xlfn.IFS($Y45=0,0,AND($Y45>0,$Y45<=0.5),2,AND($Y45>0.5,$Y45<=1),3,AND($Y45>1,$Y45<=1.5),4,AND($Y45>1.5,$Y45<=2),5,AND($Y45>2,$Y45<=3),6,AND($Y45>3,$Y45<=4),7,$Y45>4,8)} -> 0 | AD45: 3.42 | AE45: 0.54 | AF45: =AD45+AE45 -> 3.96 | AG45: 2570 | AH45: Q3
A46: 43 | B46: กรุงเทพมหานครและปริมณฑล | C46: กรุงเทพมหานคร | D46: หักเสาไฟฟ้า | E46: UG68/NTC/0020 | F46: สิรินธร (2 ฝั่งถนน) (สะพานกรุงธน - คลองบางกอกน้อย) | G46: 8 | H46: BKK1 | I46: 2569 | J46: 46234 | K46: 46357 | L46: Wait Duct (NT) | M46: ลงใต้ดิน | N46: yes | O46: 832500 | P46: 521100 | Q46: Request | R46: 13.781648499316042, 100.50094361239289 | S46: 13.786976409115878, 100.46589920749993 | T46: 144C | X46: =AF46 -> 8.8 | Z46: {=_xlfn.LET( _xlpm.a,IF(ISNUMBER($U46),$U46,IFERROR(_xlfn.NUMBERVALUE(TRIM($U46)),0)), _xlpm.b,IF(ISNUMBER($V46),$V46,IFERROR(_xlfn.NUMBERVALUE(TRIM($V46)),0)), _xlpm.score,_xlfn.LAMBDA(_xlpm.x,_xlfn.IFS(_xlpm.x<0,0,_xlpm.x=0,0,_xlpm.x<=0.5,2,_xlpm.x<=1,3,_xlpm.x<=1.5,4, _xlpm.x<=2,5,_xlpm.x<=3,6,_xlpm.x<=4,7,_xlpm.x<=5,8,_xlpm.x>5,9)), _xlpm.score(_xlpm.a)+_xlpm.score(_xlpm.b))} -> 0 | AA46: {=_xlfn.IFS($W46=0,0,AND($W46>0,$W46<=0.5),2,AND($W46>0.5,$W46<=1),3,AND($W46>1,$W46<=1.5),4,AND($W46>1.5,$W46<=2),5,AND($W46>2,$W46<=3),6,AND($W46>3,$W46<=4),7,$W46>4,8)} -> 0 | AB46: {=_xlfn.IFS($X46=0,0,AND($X46>0,$X46<=0.5),2,AND($X46>0.5,$X46<=1),3,AND($X46>1,$X46<=1.5),4,AND($X46>1.5,$X46<=2),5,AND($X46>2,$X46<=3),6,AND($X46>3,$X46<=4),7,$X46>4,8)} -> 8 | AC46: {=_xlfn.IFS($Y46=0,0,AND($Y46>0,$Y46<=0.5),2,AND($Y46>0.5,$Y46<=1),3,AND($Y46>1,$Y46<=1.5),4,AND($Y46>1.5,$Y46<=2),5,AND($Y46>2,$Y46<=3),6,AND($Y46>3,$Y46<=4),7,$Y46>4,8)} -> 0 | AD46: 7.6 | AE46: 1.2 | AF46: =AD46+AE46 -> 8.8 | AG46: 2570 | AH46: Q2
A47: 44 | B47: กรุงเทพมหานครและปริมณฑล | C47: กรุงเทพมหานคร | D47: หักเสาไฟฟ้า | E47: UG68/OTH/0004 | F47: ถนนราชวิถี (2 ฝั่งถนน) (อนุสาวรีย์ชัยสมรภูมิ - สามเหลี่ยมดินแดง) | G47: 1 | H47: BKK4 | I47: 2570 | J47: 46295 | K47: 46412 | L47: Wait Duct (NT) | M47: ลงใต้ดิน | N47: no | O47: =IF(N47="yes", IF(T47="60C",AD47*180000/2, IF(T47="144C",AD47*215000/2, IF(T47="216C",AD47*245000/2, 0) ) ), IF(T47="60C",AD47*180000, IF(T47="144C",AD47*215000, IF(T47="216C",AD47*245000, )))) -> 171000 | P47: =IF(N47="yes",ROUNDUP(AD47,1)*9650*12/2,ROUNDUP(AD47,1)*9650*12) -> 115800 | Q47: Request | R47: 13.764800092495538, 100.53877615319551 | S47: 13.762744439907017, 100.54278408144117 | T47: 60C | W47: =AF47 -> 1.1 | Z47: {=_xlfn.LET( _xlpm.a,IF(ISNUMBER($U47),$U47,IFERROR(_xlfn.NUMBERVALUE(TRIM($U47)),0)), _xlpm.b,IF(ISNUMBER($V47),$V47,IFERROR(_xlfn.NUMBERVALUE(TRIM($V47)),0)), _xlpm.score,_xlfn.LAMBDA(_xlpm.x,_xlfn.IFS(_xlpm.x<0,0,_xlpm.x=0,0,_xlpm.x<=0.5,2,_xlpm.x<=1,3,_xlpm.x<=1.5,4, _xlpm.x<=2,5,_xlpm.x<=3,6,_xlpm.x<=4,7,_xlpm.x<=5,8,_xlpm.x>5,9)), _xlpm.score(_xlpm.a)+_xlpm.score(_xlpm.b))} -> 0 | AA47: {=_xlfn.IFS($W47=0,0,AND($W47>0,$W47<=0.5),2,AND($W47>0.5,$W47<=1),3,AND($W47>1,$W47<=1.5),4,AND($W47>1.5,$W47<=2),5,AND($W47>2,$W47<=3),6,AND($W47>3,$W47<=4),7,$W47>4,8)} -> 4 | AB47: {=_xlfn.IFS($X47=0,0,AND($X47>0,$X47<=0.5),2,AND($X47>0.5,$X47<=1),3,AND($X47>1,$X47<=1.5),4,AND($X47>1.5,$X47<=2),5,AND($X47>2,$X47<=3),6,AND($X47>3,$X47<=4),7,$X47>4,8)} -> 0 | AC47: {=_xlfn.IFS($Y47=0,0,AND($Y47>0,$Y47<=0.5),2,AND($Y47>0.5,$Y47<=1),3,AND($Y47>1,$Y47<=1.5),4,AND($Y47>1.5,$Y47<=2),5,AND($Y47>2,$Y47<=3),6,AND($Y47>3,$Y47<=4),7,$Y47>4,8)} -> 0 | AD47: 0.95 | AE47: 0.15 | AF47: =AD47+AE47 -> 1.1 | AG47: 2570 | AH47: Q2
A48: 45 | B48: กรุงเทพมหานครและปริมณฑล | C48: กรุงเทพมหานคร | D48: หักเสาไฟฟ้า | E48: UG65/NTC/0021 | F48: ถนนอิสรภาพ (2 ฝั่งถนน) (ประชาธิปก - สุทธาวาส) | G48: 8 | H48: BKK1 | I48: 2570 | J48: 46295 | K48: 46415 | L48: Wait Duct (NT) | M48: ลงใต้ดิน | N48: yes | O48: =IF(N48="yes", IF(T48="60C",AD48*180000/2, IF(T48="144C",AD48*215000/2, IF(T48="216C",AD48*245000/2, 0) ) ), IF(T48="60C",AD48*180000, IF(T48="144C",AD48*215000, IF(T48="216C",AD48*245000, )))) -> 684000 | P48: =IF(N48="yes",ROUNDUP(AD48,1)*9650*12/2,ROUNDUP(AD48,1)*9650*12) -> 440040 | Q48: Request | R48: 13.730865105684142, 100.49468121949658 | S48: 13.760283704312112, 100.47776346588293 | T48: 60C | W48: =AF48 -> 8.8 | Z48: {=_xlfn.LET( _xlpm.a,IF(ISNUMBER($U48),$U48,IFERROR(_xlfn.NUMBERVALUE(TRIM($U48)),0)), _xlpm.b,IF(ISNUMBER($V48),$V48,IFERROR(_xlfn.NUMBERVALUE(TRIM($V48)),0)), _xlpm.score,_xlfn.LAMBDA(_xlpm.x,_xlfn.IFS(_xlpm.x<0,0,_xlpm.x=0,0,_xlpm.x<=0.5,2,_xlpm.x<=1,3,_xlpm.x<=1.5,4, _xlpm.x<=2,5,_xlpm.x<=3,6,_xlpm.x<=4,7,_xlpm.x<=5,8,_xlpm.x>5,9)), _xlpm.score(_xlpm.a)+_xlpm.score(_xlpm.b))} -> 0 | AA48: {=_xlfn.IFS($W48=0,0,AND($W48>0,$W48<=0.5),2,AND($W48>0.5,$W48<=1),3,AND($W48>1,$W48<=1.5),4,AND($W48>1.5,$W48<=2),5,AND($W48>2,$W48<=3),6,AND($W48>3,$W48<=4),7,$W48>4,8)} -> 8 | AB48: {=_xlfn.IFS($X48=0,0,AND($X48>0,$X48<=0.5),2,AND($X48>0.5,$X48<=1),3,AND($X48>1,$X48<=1.5),4,AND($X48>1.5,$X48<=2),5,AND($X48>2,$X48<=3),6,AND($X48>3,$X48<=4),7,$X48>4,8)} -> 0 | AC48: {=_xlfn.IFS($Y48=0,0,AND($Y48>0,$Y48<=0.5),2,AND($Y48>0.5,$Y48<=1),3,AND($Y48>1,$Y48<=1.5),4,AND($Y48>1.5,$Y48<=2),5,AND($Y48>2,$Y48<=3),6,AND($Y48>3,$Y48<=4),7,$Y48>4,8)} -> 0 | AD48: 7.6 | AE48: 1.2 | AF48: =AD48+AE48 -> 8.8 | AG48: 2570 | AH48: Q3
A49: 46 | B49: กรุงเทพมหานครและปริมณฑล | C49: กรุงเทพมหานคร | D49: หักเสาไฟฟ้า | E49: UG65/NTC/0017 | F49: ถนนเพชรบุรี ช่วงที่ 2 (2 ฝั่งถนน) (ทางรถไฟด่านเก็บเงินเพชรบุรี - ราชปรารภ) | G49: 2 | H49: BKK4 | I49: 2570 | J49: 46295 | K49: 46419 | L49: Wait Duct (NT) | M49: ลงใต้ดิน | N49: no | O49: =IF(N49="yes", IF(T49="60C",AD49*180000/2, IF(T49="144C",AD49*215000/2, IF(T49="216C",AD49*245000/2, 0) ) ), IF(T49="60C",AD49*180000, IF(T49="144C",AD49*215000, IF(T49="216C",AD49*245000, )))) -> 465500 | P49: =IF(N49="yes",ROUNDUP(AD49,1)*9650*12/2,ROUNDUP(AD49,1)*9650*12) -> 220020 | Q49: Request | R49: 13.749787403474818, 100.54964343484802 | S49: 13.7499458602298, 100.54105478866208 | T49: 216C | Y49: =AF49 -> 2.2 | Z49: {=_xlfn.LET( _xlpm.a,IF(ISNUMBER($U49),$U49,IFERROR(_xlfn.NUMBERVALUE(TRIM($U49)),0)), _xlpm.b,IF(ISNUMBER($V49),$V49,IFERROR(_xlfn.NUMBERVALUE(TRIM($V49)),0)), _xlpm.score,_xlfn.LAMBDA(_xlpm.x,_xlfn.IFS(_xlpm.x<0,0,_xlpm.x=0,0,_xlpm.x<=0.5,2,_xlpm.x<=1,3,_xlpm.x<=1.5,4, _xlpm.x<=2,5,_xlpm.x<=3,6,_xlpm.x<=4,7,_xlpm.x<=5,8,_xlpm.x>5,9)), _xlpm.score(_xlpm.a)+_xlpm.score(_xlpm.b))} -> 0 | AA49: {=_xlfn.IFS($W49=0,0,AND($W49>0,$W49<=0.5),2,AND($W49>0.5,$W49<=1),3,AND($W49>1,$W49<=1.5),4,AND($W49>1.5,$W49<=2),5,AND($W49>2,$W49<=3),6,AND($W49>3,$W49<=4),7,$W49>4,8)} -> 0 | AB49: {=_xlfn.IFS($X49=0,0,AND($X49>0,$X49<=0.5),2,AND($X49>0.5,$X49<=1),3,AND($X49>1,$X49<=1.5),4,AND($X49>1.5,$X49<=2),5,AND($X49>2,$X49<=3),6,AND($X49>3,$X49<=4),7,$X49>4,8)} -> 0 | AC49: {=_xlfn.IFS($Y49=0,0,AND($Y49>0,$Y49<=0.5),2,AND($Y49>0.5,$Y49<=1),3,AND($Y49>1,$Y49<=1.5),4,AND($Y49>1.5,$Y49<=2),5,AND($Y49>2,$Y49<=3),6,AND($Y49>3,$Y49<=4),7,$Y49>4,8)} -> 6 | AD49: 1.9 | AE49: 0.3 | AF49: =AD49+AE49 -> 2.2 | AG49: 2570 | AH49: Q1
A50: 47 | B50: กรุงเทพมหานครและปริมณฑล | C50: กรุงเทพมหานคร | D50: หักเสาไฟฟ้า | E50: UG68/MSN/0017 | F50: ถนนเพชรเกษม (2 ฝั่งถนน) (ท่าพระ - ถนนราชพฤกษ์) | G50: 4 | H50: BKK1 | I50: 2570 | J50: 46295 | K50: 46419 | L50: Wait Duct (NT) | M50: ลงใต้ดิน | N50: yes | O50: =IF(N50="yes", IF(T50="60C",AD50*180000/2, IF(T50="144C",AD50*215000/2, IF(T50="216C",AD50*245000/2, 0) ) ), IF(T50="60C",AD50*180000, IF(T50="144C",AD50*215000, IF(T50="216C",AD50*245000, )))) -> 342000 | P50: =IF(N50="yes",ROUNDUP(AD50,1)*9650*12/2,ROUNDUP(AD50,1)*9650*12) -> 220020 | Q50: Request | R50: 13.729464086264572, 100.47426293686144 | S50: 13.720709494464097, 100.45810571288538 | T50: 60C | W50: =AF50 -> 4.4 | Z50: {=_xlfn.LET( _xlpm.a,IF(ISNUMBER($U50),$U50,IFERROR(_xlfn.NUMBERVALUE(TRIM($U50)),0)), _xlpm.b,IF(ISNUMBER($V50),$V50,IFERROR(_xlfn.NUMBERVALUE(TRIM($V50)),0)), _xlpm.score,_xlfn.LAMBDA(_xlpm.x,_xlfn.IFS(_xlpm.x<0,0,_xlpm.x=0,0,_xlpm.x<=0.5,2,_xlpm.x<=1,3,_xlpm.x<=1.5,4, _xlpm.x<=2,5,_xlpm.x<=3,6,_xlpm.x<=4,7,_xlpm.x<=5,8,_xlpm.x>5,9)), _xlpm.score(_xlpm.a)+_xlpm.score(_xlpm.b))} -> 0 | AA50: {=_xlfn.IFS($W50=0,0,AND($W50>0,$W50<=0.5),2,AND($W50>0.5,$W50<=1),3,AND($W50>1,$W50<=1.5),4,AND($W50>1.5,$W50<=2),5,AND($W50>2,$W50<=3),6,AND($W50>3,$W50<=4),7,$W50>4,8)} -> 8 | AB50: {=_xlfn.IFS($X50=0,0,AND($X50>0,$X50<=0.5),2,AND($X50>0.5,$X50<=1),3,AND($X50>1,$X50<=1.5),4,AND($X50>1.5,$X50<=2),5,AND($X50>2,$X50<=3),6,AND($X50>3,$X50<=4),7,$X50>4,8)} -> 0 | AC50: {=_xlfn.IFS($Y50=0,0,AND($Y50>0,$Y50<=0.5),2,AND($Y50>0.5,$Y50<=1),3,AND($Y50>1,$Y50<=1.5),4,AND($Y50>1.5,$Y50<=2),5,AND($Y50>2,$Y50<=3),6,AND($Y50>3,$Y50<=4),7,$Y50>4,8)} -> 0 | AD50: 3.8 | AE50: 0.6 | AF50: =AD50+AE50 -> 4.4 | AG50: 2570 | AH50: Q4
A51: 48 | B51: กรุงเทพมหานครและปริมณฑล | C51: กรุงเทพมหานคร | D51: หักเสาไฟฟ้า | E51: UG68/MSN/0023 | F51: พรานนก และ วังหลัง (2 ฝั่งถนน) (แยกไฟฉาย - อรุณอมรินทร์) | G51: 3 | H51: BKK1 | I51: 2570 | J51: 46295 | K51: 46419 | L51: Wait Duct (NT) | M51: ลงใต้ดิน | N51: yes | O51: =IF(N51="yes", IF(T51="60C",AD51*180000/2, IF(T51="144C",AD51*215000/2, IF(T51="216C",AD51*245000/2, 0) ) ), IF(T51="60C",AD51*180000, IF(T51="144C",AD51*215000, IF(T51="216C",AD51*245000, )))) -> 256500 | P51: =IF(N51="yes",ROUNDUP(AD51,1)*9650*12/2,ROUNDUP(AD51,1)*9650*12) -> 167910 | Q51: Request | R51: 13.754875983721924, 100.46942046265632 | S51: 13.75603866624026, 100.48343462595759 | T51: 60C | W51: =AF51 -> 3.3 | Z51: {=_xlfn.LET( _xlpm.a,IF(ISNUMBER($U51),$U51,IFERROR(_xlfn.NUMBERVALUE(TRIM($U51)),0)), _xlpm.b,IF(ISNUMBER($V51),$V51,IFERROR(_xlfn.NUMBERVALUE(TRIM($V51)),0)), _xlpm.score,_xlfn.LAMBDA(_xlpm.x,_xlfn.IFS(_xlpm.x<0,0,_xlpm.x=0,0,_xlpm.x<=0.5,2,_xlpm.x<=1,3,_xlpm.x<=1.5,4, _xlpm.x<=2,5,_xlpm.x<=3,6,_xlpm.x<=4,7,_xlpm.x<=5,8,_xlpm.x>5,9)), _xlpm.score(_xlpm.a)+_xlpm.score(_xlpm.b))} -> 0 | AA51: {=_xlfn.IFS($W51=0,0,AND($W51>0,$W51<=0.5),2,AND($W51>0.5,$W51<=1),3,AND($W51>1,$W51<=1.5),4,AND($W51>1.5,$W51<=2),5,AND($W51>2,$W51<=3),6,AND($W51>3,$W51<=4),7,$W51>4,8)} -> 7 | AB51: {=_xlfn.IFS($X51=0,0,AND($X51>0,$X51<=0.5),2,AND($X51>0.5,$X51<=1),3,AND($X51>1,$X51<=1.5),4,AND($X51>1.5,$X51<=2),5,AND($X51>2,$X51<=3),6,AND($X51>3,$X51<=4),7,$X51>4,8)} -> 0 | AC51: {=_xlfn.IFS($Y51=0,0,AND($Y51>0,$Y51<=0.5),2,AND($Y51>0.5,$Y51<=1),3,AND($Y51>1,$Y51<=1.5),4,AND($Y51>1.5,$Y51<=2),5,AND($Y51>2,$Y51<=3),6,AND($Y51>3,$Y51<=4),7,$Y51>4,8)} -> 0 | AD51: 2.85 | AE51: 0.45 | AF51: =AD51+AE51 -> 3.3 | AG51: 2570 | AH51: Q1
A52: 49 | B52: กรุงเทพมหานครและปริมณฑล | C52: กรุงเทพมหานคร | D52: หักเสาไฟฟ้า | E52: UG66/OTH/0012 | F52: ถนนเจริญราษฎร์ (2 ฝั่งถนน) (ถนนพระราม 3 - ถนนสาทร) | G52: 7.6 | H52: BKK4 | I52: 2570 | J52: 46295 | K52: 46423 | L52: Wait Duct (NT) | M52: ลงใต้ดิน+Re-route | N52: yes | O52: =IF(N52="yes", IF(T52="60C",AD52*180000/2, IF(T52="144C",AD52*215000/2, IF(T52="216C",AD52*245000/2, 0) ) ), IF(T52="60C",AD52*180000, IF(T52="144C",AD52*215000, IF(T52="216C",AD52*245000, )))) -> 649800 | P52: =IF(N52="yes",ROUNDUP(AD52,1)*9650*12/2,ROUNDUP(AD52,1)*9650*12) -> 422670 | Q52: Request | R52: 13.689649688758289, 100.50944504619831 | S52: 13.718744533135638, 100.51983267752003 | T52: 60C | W52: =AF52 -> 8.36 | Z52: {=_xlfn.LET( _xlpm.a,IF(ISNUMBER($U52),$U52,IFERROR(_xlfn.NUMBERVALUE(TRIM($U52)),0)), _xlpm.b,IF(ISNUMBER($V52),$V52,IFERROR(_xlfn.NUMBERVALUE(TRIM($V52)),0)), _xlpm.score,_xlfn.LAMBDA(_xlpm.x,_xlfn.IFS(_xlpm.x<0,0,_xlpm.x=0,0,_xlpm.x<=0.5,2,_xlpm.x<=1,3,_xlpm.x<=1.5,4, _xlpm.x<=2,5,_xlpm.x<=3,6,_xlpm.x<=4,7,_xlpm.x<=5,8,_xlpm.x>5,9)), _xlpm.score(_xlpm.a)+_xlpm.score(_xlpm.b))} -> 0 | AA52: {=_xlfn.IFS($W52=0,0,AND($W52>0,$W52<=0.5),2,AND($W52>0.5,$W52<=1),3,AND($W52>1,$W52<=1.5),4,AND($W52>1.5,$W52<=2),5,AND($W52>2,$W52<=3),6,AND($W52>3,$W52<=4),7,$W52>4,8)} -> 8 | AB52: {=_xlfn.IFS($X52=0,0,AND($X52>0,$X52<=0.5),2,AND($X52>0.5,$X52<=1),3,AND($X52>1,$X52<=1.5),4,AND($X52>1.5,$X52<=2),5,AND($X52>2,$X52<=3),6,AND($X52>3,$X52<=4),7,$X52>4,8)} -> 0 | AC52: {=_xlfn.IFS($Y52=0,0,AND($Y52>0,$Y52<=0.5),2,AND($Y52>0.5,$Y52<=1),3,AND($Y52>1,$Y52<=1.5),4,AND($Y52>1.5,$Y52<=2),5,AND($Y52>2,$Y52<=3),6,AND($Y52>3,$Y52<=4),7,$Y52>4,8)} -> 0 | AD52: 7.22 | AE52: 1.14 | AF52: =AD52+AE52 -> 8.36 | AG52: 2570 | AH52: Q2
A53: 50 | B53: กรุงเทพมหานครและปริมณฑล | C53: กรุงเทพมหานคร | D53: หักเสาไฟฟ้า | E53: UG68/OTH/0006 | F53: ถนนดินแดง (2 ฝั่งถนน) (สามเหลี่ยมดินแดง - แยกถนนรัชดา) | G53: 5.6 | H53: BKK2 | I53: 2570 | J53: 46295 | K53: 46426 | L53: Wait Duct (NT) | M53: ลงใต้ดิน | N53: no | O53: =IF(N53="yes", IF(T53="60C",AD53*180000/2, IF(T53="144C",AD53*215000/2, IF(T53="216C",AD53*245000/2, 0) ) ), IF(T53="60C",AD53*180000, IF(T53="144C",AD53*215000, IF(T53="216C",AD53*245000, )))) -> 1303400 | P53: =IF(N53="yes",ROUNDUP(AD53,1)*9650*12/2,ROUNDUP(AD53,1)*9650*12) -> 625320 | Q53: Request | R53: 13.762744439907017, 100.54278408144117 | S53: 13.756070282325858, 100.56500886653677 | T53: 216C | Y53: =AF53 -> 6.16 | Z53: {=_xlfn.LET( _xlpm.a,IF(ISNUMBER($U53),$U53,IFERROR(_xlfn.NUMBERVALUE(TRIM($U53)),0)), _xlpm.b,IF(ISNUMBER($V53),$V53,IFERROR(_xlfn.NUMBERVALUE(TRIM($V53)),0)), _xlpm.score,_xlfn.LAMBDA(_xlpm.x,_xlfn.IFS(_xlpm.x<0,0,_xlpm.x=0,0,_xlpm.x<=0.5,2,_xlpm.x<=1,3,_xlpm.x<=1.5,4, _xlpm.x<=2,5,_xlpm.x<=3,6,_xlpm.x<=4,7,_xlpm.x<=5,8,_xlpm.x>5,9)), _xlpm.score(_xlpm.a)+_xlpm.score(_xlpm.b))} -> 0 | AA53: {=_xlfn.IFS($W53=0,0,AND($W53>0,$W53<=0.5),2,AND($W53>0.5,$W53<=1),3,AND($W53>1,$W53<=1.5),4,AND($W53>1.5,$W53<=2),5,AND($W53>2,$W53<=3),6,AND($W53>3,$W53<=4),7,$W53>4,8)} -> 0 | AB53: {=_xlfn.IFS($X53=0,0,AND($X53>0,$X53<=0.5),2,AND($X53>0.5,$X53<=1),3,AND($X53>1,$X53<=1.5),4,AND($X53>1.5,$X53<=2),5,AND($X53>2,$X53<=3),6,AND($X53>3,$X53<=4),7,$X53>4,8)} -> 0 | AC53: {=_xlfn.IFS($Y53=0,0,AND($Y53>0,$Y53<=0.5),2,AND($Y53>0.5,$Y53<=1),3,AND($Y53>1,$Y53<=1.5),4,AND($Y53>1.5,$Y53<=2),5,AND($Y53>2,$Y53<=3),6,AND($Y53>3,$Y53<=4),7,$Y53>4,8)} -> 8 | AD53: 5.32 | AE53: 0.84 | AF53: =AD53+AE53 -> 6.16 | AG53: 2570 | AH53: Q3
A54: 51 | B54: กรุงเทพมหานครและปริมณฑล | C54: กรุงเทพมหานคร,นนทบุรี | D54: หักเสาไฟฟ้า | E54: UG68/MSN/0010 | F54: ถนนกรุงเทพ- นนทบุรี (2 ฝั่งถนน) (แยกติวานนท์ - แยกเตาปูน) | G54: 10.4 | H54: BKK2 | I54: 2570 | J54: 46326 | K54: 46446 | L54: Wait Duct (NT) | M54: ลงใต้ดิน | N54: yes | O54: =IF(N54="yes", IF(T54="60C",AD54*180000/2, IF(T54="144C",AD54*215000/2, IF(T54="216C",AD54*245000/2, 0) ) ), IF(T54="60C",AD54*180000, IF(T54="144C",AD54*215000, IF(T54="216C",AD54*245000, )))) -> 1062100 | P54: =IF(N54="yes",ROUNDUP(AD54,1)*9650*12/2,ROUNDUP(AD54,1)*9650*12) -> 573210 | Q54: Request | R54: 13.84297790150584, 100.51094977149363 | S54: 13.806327978258864, 100.53079510194443 | T54: 144C | X54: =AF54 -> 11.44 | Z54: {=_xlfn.LET( _xlpm.a,IF(ISNUMBER($U54),$U54,IFERROR(_xlfn.NUMBERVALUE(TRIM($U54)),0)), _xlpm.b,IF(ISNUMBER($V54),$V54,IFERROR(_xlfn.NUMBERVALUE(TRIM($V54)),0)), _xlpm.score,_xlfn.LAMBDA(_xlpm.x,_xlfn.IFS(_xlpm.x<0,0,_xlpm.x=0,0,_xlpm.x<=0.5,2,_xlpm.x<=1,3,_xlpm.x<=1.5,4, _xlpm.x<=2,5,_xlpm.x<=3,6,_xlpm.x<=4,7,_xlpm.x<=5,8,_xlpm.x>5,9)), _xlpm.score(_xlpm.a)+_xlpm.score(_xlpm.b))} -> 0 | AA54: {=_xlfn.IFS($W54=0,0,AND($W54>0,$W54<=0.5),2,AND($W54>0.5,$W54<=1),3,AND($W54>1,$W54<=1.5),4,AND($W54>1.5,$W54<=2),5,AND($W54>2,$W54<=3),6,AND($W54>3,$W54<=4),7,$W54>4,8)} -> 0 | AB54: {=_xlfn.IFS($X54=0,0,AND($X54>0,$X54<=0.5),2,AND($X54>0.5,$X54<=1),3,AND($X54>1,$X54<=1.5),4,AND($X54>1.5,$X54<=2),5,AND($X54>2,$X54<=3),6,AND($X54>3,$X54<=4),7,$X54>4,8)} -> 8 | AC54: {=_xlfn.IFS($Y54=0,0,AND($Y54>0,$Y54<=0.5),2,AND($Y54>0.5,$Y54<=1),3,AND($Y54>1,$Y54<=1.5),4,AND($Y54>1.5,$Y54<=2),5,AND($Y54>2,$Y54<=3),6,AND($Y54>3,$Y54<=4),7,$Y54>4,8)} -> 0 | AD54: 9.88 | AE54: 1.56 | AF54: =AD54+AE54 -> 11.44 | AG54: 2570 | AH54: Q4
A55: 52 | B55: กรุงเทพมหานครและปริมณฑล | C55: สมุทรปราการ | D55: หักเสาไฟฟ้า | E55: UG69/MSN/0005 | F55: ถนนศรีนครินทร์ ช่วงที่ 4 (2 ฝั่งถนน) (แยกศรีเทพา - ถนนสุขุมวิท) | G55: 8.8 | H55: BKK3 | I55: 2570 | J55: 46295 | K55: 46446 | L55: Wait Duct (NT) | M55: ลงใต้ดิน | N55: yes | O55: =IF(N55="yes", IF(T55="60C",AD55*180000/2, IF(T55="144C",AD55*215000/2, IF(T55="216C",AD55*245000/2, 0) ) ), IF(T55="60C",AD55*180000, IF(T55="144C",AD55*215000, IF(T55="216C",AD55*245000, )))) -> 752400 | P55: =IF(N55="yes",ROUNDUP(AD55,1)*9650*12/2,ROUNDUP(AD55,1)*9650*12) -> 486360 | Q55: Request | R55: 13.627698595878012, 100.62686857592635 | S55: 13.595274062814857, 100.60721248910681 | T55: 60C | W55: =AF55 -> 9.68 | Z55: {=_xlfn.LET( _xlpm.a,IF(ISNUMBER($U55),$U55,IFERROR(_xlfn.NUMBERVALUE(TRIM($U55)),0)), _xlpm.b,IF(ISNUMBER($V55),$V55,IFERROR(_xlfn.NUMBERVALUE(TRIM($V55)),0)), _xlpm.score,_xlfn.LAMBDA(_xlpm.x,_xlfn.IFS(_xlpm.x<0,0,_xlpm.x=0,0,_xlpm.x<=0.5,2,_xlpm.x<=1,3,_xlpm.x<=1.5,4, _xlpm.x<=2,5,_xlpm.x<=3,6,_xlpm.x<=4,7,_xlpm.x<=5,8,_xlpm.x>5,9)), _xlpm.score(_xlpm.a)+_xlpm.score(_xlpm.b))} -> 0 | AA55: {=_xlfn.IFS($W55=0,0,AND($W55>0,$W55<=0.5),2,AND($W55>0.5,$W55<=1),3,AND($W55>1,$W55<=1.5),4,AND($W55>1.5,$W55<=2),5,AND($W55>2,$W55<=3),6,AND($W55>3,$W55<=4),7,$W55>4,8)} -> 8 | AB55: {=_xlfn.IFS($X55=0,0,AND($X55>0,$X55<=0.5),2,AND($X55>0.5,$X55<=1),3,AND($X55>1,$X55<=1.5),4,AND($X55>1.5,$X55<=2),5,AND($X55>2,$X55<=3),6,AND($X55>3,$X55<=4),7,$X55>4,8)} -> 0 | AC55: {=_xlfn.IFS($Y55=0,0,AND($Y55>0,$Y55<=0.5),2,AND($Y55>0.5,$Y55<=1),3,AND($Y55>1,$Y55<=1.5),4,AND($Y55>1.5,$Y55<=2),5,AND($Y55>2,$Y55<=3),6,AND($Y55>3,$Y55<=4),7,$Y55>4,8)} -> 0 | AD55: 8.36 | AE55: 1.32 | AF55: =AD55+AE55 -> 9.68 | AG55: 2570 | AH55: Q4
A56: 53 | B56: กรุงเทพมหานครและปริมณฑล | C56: กรุงเทพมหานคร | D56: หักเสาไฟฟ้า | E56: UG68/MSN/0007 | F56: ถนนสุขุมวิท ช่วงที่ 1 (2 ฝั่งถนน) (ซอยสุขุมวิท 71 - แยกบางนา) | G56: 10 | H56: BKK3 | I56: 2570 | J56: 46326 | K56: 46447 | L56: Wait Duct (NT) | M56: ลงใต้ดิน | N56: yes | O56: =IF(N56="yes", IF(T56="60C",AD56*180000/2, IF(T56="144C",AD56*215000/2, IF(T56="216C",AD56*245000/2, 0) ) ), IF(T56="60C",AD56*180000, IF(T56="144C",AD56*215000, IF(T56="216C",AD56*245000, )))) -> 1021250 | P56: =IF(N56="yes",ROUNDUP(AD56,1)*9650*12/2,ROUNDUP(AD56,1)*9650*12) -> 550050 | Q56: Request | R56: 13.713203690930486, 100.59416227388795 | S56: 13.673355369035688, 100.60683776058906 | T56: 144C | X56: =AF56 -> 11 | Z56: {=_xlfn.LET( _xlpm.a,IF(ISNUMBER($U56),$U56,IFERROR(_xlfn.NUMBERVALUE(TRIM($U56)),0)), _xlpm.b,IF(ISNUMBER($V56),$V56,IFERROR(_xlfn.NUMBERVALUE(TRIM($V56)),0)), _xlpm.score,_xlfn.LAMBDA(_xlpm.x,_xlfn.IFS(_xlpm.x<0,0,_xlpm.x=0,0,_xlpm.x<=0.5,2,_xlpm.x<=1,3,_xlpm.x<=1.5,4, _xlpm.x<=2,5,_xlpm.x<=3,6,_xlpm.x<=4,7,_xlpm.x<=5,8,_xlpm.x>5,9)), _xlpm.score(_xlpm.a)+_xlpm.score(_xlpm.b))} -> 0 | AA56: {=_xlfn.IFS($W56=0,0,AND($W56>0,$W56<=0.5),2,AND($W56>0.5,$W56<=1),3,AND($W56>1,$W56<=1.5),4,AND($W56>1.5,$W56<=2),5,AND($W56>2,$W56<=3),6,AND($W56>3,$W56<=4),7,$W56>4,8)} -> 0 | AB56: {=_xlfn.IFS($X56=0,0,AND($X56>0,$X56<=0.5),2,AND($X56>0.5,$X56<=1),3,AND($X56>1,$X56<=1.5),4,AND($X56>1.5,$X56<=2),5,AND($X56>2,$X56<=3),6,AND($X56>3,$X56<=4),7,$X56>4,8)} -> 8 | AC56: {=_xlfn.IFS($Y56=0,0,AND($Y56>0,$Y56<=0.5),2,AND($Y56>0.5,$Y56<=1),3,AND($Y56>1,$Y56<=1.5),4,AND($Y56>1.5,$Y56<=2),5,AND($Y56>2,$Y56<=3),6,AND($Y56>3,$Y56<=4),7,$Y56>4,8)} -> 0 | AD56: 9.5 | AE56: 1.5 | AF56: =AD56+AE56 -> 11 | AG56: 2570 | AH56: Q2
A57: 54 | B57: กรุงเทพมหานครและปริมณฑล | C57: นนทบุรี,กรุงเทพมหานคร | D57: หักเสาไฟฟ้า | E57: UG68/OTH/0011 | F57: ถนนงามวงศ์วาน ช่วงที่ 2 (2 ฝั่งถนน) (แยกพงษ์เพชร -แยกตัดถนนวิภาวดี) | G57: 4 | H57: BKK2 | I57: 2570 | J57: 46295 | K57: 46447 | L57: Wait Duct (NT) | M57: ลงใต้ดิน | N57: no | O57: =IF(N57="yes", IF(T57="60C",AD57*180000/2, IF(T57="144C",AD57*215000/2, IF(T57="216C",AD57*245000/2, 0) ) ), IF(T57="60C",AD57*180000, IF(T57="144C",AD57*215000, IF(T57="216C",AD57*245000, )))) -> 931000 | P57: =IF(N57="yes",ROUNDUP(AD57,1)*9650*12/2,ROUNDUP(AD57,1)*9650*12) -> 440040 | Q57: Request | R57: 13.85624018036317, 100.54505760117429 | S57: 13.84756954491032, 100.56152120728179 | T57: 216C | Y57: =AF57 -> 4.4 | Z57: {=_xlfn.LET( _xlpm.a,IF(ISNUMBER($U57),$U57,IFERROR(_xlfn.NUMBERVALUE(TRIM($U57)),0)), _xlpm.b,IF(ISNUMBER($V57),$V57,IFERROR(_xlfn.NUMBERVALUE(TRIM($V57)),0)), _xlpm.score,_xlfn.LAMBDA(_xlpm.x,_xlfn.IFS(_xlpm.x<0,0,_xlpm.x=0,0,_xlpm.x<=0.5,2,_xlpm.x<=1,3,_xlpm.x<=1.5,4, _xlpm.x<=2,5,_xlpm.x<=3,6,_xlpm.x<=4,7,_xlpm.x<=5,8,_xlpm.x>5,9)), _xlpm.score(_xlpm.a)+_xlpm.score(_xlpm.b))} -> 0 | AA57: {=_xlfn.IFS($W57=0,0,AND($W57>0,$W57<=0.5),2,AND($W57>0.5,$W57<=1),3,AND($W57>1,$W57<=1.5),4,AND($W57>1.5,$W57<=2),5,AND($W57>2,$W57<=3),6,AND($W57>3,$W57<=4),7,$W57>4,8)} -> 0 | AB57: {=_xlfn.IFS($X57=0,0,AND($X57>0,$X57<=0.5),2,AND($X57>0.5,$X57<=1),3,AND($X57>1,$X57<=1.5),4,AND($X57>1.5,$X57<=2),5,AND($X57>2,$X57<=3),6,AND($X57>3,$X57<=4),7,$X57>4,8)} -> 0 | AC57: {=_xlfn.IFS($Y57=0,0,AND($Y57>0,$Y57<=0.5),2,AND($Y57>0.5,$Y57<=1),3,AND($Y57>1,$Y57<=1.5),4,AND($Y57>1.5,$Y57<=2),5,AND($Y57>2,$Y57<=3),6,AND($Y57>3,$Y57<=4),7,$Y57>4,8)} -> 8 | AD57: 3.8 | AE57: 0.6 | AF57: =AD57+AE57 -> 4.4 | AG57: 2570 | AH57: Q3
A58: 55 | B58: กรุงเทพมหานครและปริมณฑล | C58: กรุงเทพมหานคร | D58: หักเสาไฟฟ้า | E58: UG68/OTH/0009 | F58: ถนนรัชดาภิเษก 3 (2 ฝั่งถนน) (แยกสุทธิสาร-แยกถนนวิภาวดี) | G58: 11.6 | H58: BKK2 | I58: 2570 | J58: 46295 | K58: 46454 | L58: Wait Duct (NT) | M58: ลงใต้ดิน | N58: yes | O58: =IF(N58="yes", IF(T58="60C",AD58*180000/2, IF(T58="144C",AD58*215000/2, IF(T58="216C",AD58*245000/2, 0) ) ), IF(T58="60C",AD58*180000, IF(T58="144C",AD58*215000, IF(T58="216C",AD58*245000, )))) -> 1184650 | P58: =IF(N58="yes",ROUNDUP(AD58,1)*9650*12/2,ROUNDUP(AD58,1)*9650*12) -> 642690 | Q58: Request | R58: 13.789756397039273, 100.57417618016926 | S58: 13.830685694010125, 100.55756281057124 | T58: 144C | X58: =AF58 -> 12.76 | Z58: {=_xlfn.LET( _xlpm.a,IF(ISNUMBER($U58),$U58,IFERROR(_xlfn.NUMBERVALUE(TRIM($U58)),0)), _xlpm.b,IF(ISNUMBER($V58),$V58,IFERROR(_xlfn.NUMBERVALUE(TRIM($V58)),0)), _xlpm.score,_xlfn.LAMBDA(_xlpm.x,_xlfn.IFS(_xlpm.x<0,0,_xlpm.x=0,0,_xlpm.x<=0.5,2,_xlpm.x<=1,3,_xlpm.x<=1.5,4, _xlpm.x<=2,5,_xlpm.x<=3,6,_xlpm.x<=4,7,_xlpm.x<=5,8,_xlpm.x>5,9)), _xlpm.score(_xlpm.a)+_xlpm.score(_xlpm.b))} -> 0 | AA58: {=_xlfn.IFS($W58=0,0,AND($W58>0,$W58<=0.5),2,AND($W58>0.5,$W58<=1),3,AND($W58>1,$W58<=1.5),4,AND($W58>1.5,$W58<=2),5,AND($W58>2,$W58<=3),6,AND($W58>3,$W58<=4),7,$W58>4,8)} -> 0 | AB58: {=_xlfn.IFS($X58=0,0,AND($X58>0,$X58<=0.5),2,AND($X58>0.5,$X58<=1),3,AND($X58>1,$X58<=1.5),4,AND($X58>1.5,$X58<=2),5,AND($X58>2,$X58<=3),6,AND($X58>3,$X58<=4),7,$X58>4,8)} -> 8 | AC58: {=_xlfn.IFS($Y58=0,0,AND($Y58>0,$Y58<=0.5),2,AND($Y58>0.5,$Y58<=1),3,AND($Y58>1,$Y58<=1.5),4,AND($Y58>1.5,$Y58<=2),5,AND($Y58>2,$Y58<=3),6,AND($Y58>3,$Y58<=4),7,$Y58>4,8)} -> 0 | AD58: 11.02 | AE58: 1.74 | AF58: =AD58+AE58 -> 12.76 | AG58: 2570 | AH58: Q2
A59: 56 | B59: กรุงเทพมหานครและปริมณฑล | C59: กรุงเทพมหานคร | D59: หักเสาไฟฟ้า | E59: UG65/NTC/0014 | F59: ถนนพหลโยธิน 2 (2 ฝั่งถนน) (แยกเกษตร - อนุสาวรีย์ หลักสี่) | G59: 9 | H59: BKK2 | I59: 2570 | J59: 46295 | K59: 46455 | L59: Wait Duct (NT) | M59: ลงใต้ดิน | N59: yes | O59: =IF(N59="yes", IF(T59="60C",AD59*180000/2, IF(T59="144C",AD59*215000/2, IF(T59="216C",AD59*245000/2, 0) ) ), IF(T59="60C",AD59*180000, IF(T59="144C",AD59*215000, IF(T59="216C",AD59*245000, )))) -> 769500 | P59: =IF(N59="yes",ROUNDUP(AD59,1)*9650*12/2,ROUNDUP(AD59,1)*9650*12) -> 497940 | Q59: Request | R59: 13.839827968444329, 100.57550524543554 | S59: 13.875589177462665, 100.59676768400197 | T59: 60C | W59: =AF59 -> 9.9 | Z59: {=_xlfn.LET( _xlpm.a,IF(ISNUMBER($U59),$U59,IFERROR(_xlfn.NUMBERVALUE(TRIM($U59)),0)), _xlpm.b,IF(ISNUMBER($V59),$V59,IFERROR(_xlfn.NUMBERVALUE(TRIM($V59)),0)), _xlpm.score,_xlfn.LAMBDA(_xlpm.x,_xlfn.IFS(_xlpm.x<0,0,_xlpm.x=0,0,_xlpm.x<=0.5,2,_xlpm.x<=1,3,_xlpm.x<=1.5,4, _xlpm.x<=2,5,_xlpm.x<=3,6,_xlpm.x<=4,7,_xlpm.x<=5,8,_xlpm.x>5,9)), _xlpm.score(_xlpm.a)+_xlpm.score(_xlpm.b))} -> 0 | AA59: {=_xlfn.IFS($W59=0,0,AND($W59>0,$W59<=0.5),2,AND($W59>0.5,$W59<=1),3,AND($W59>1,$W59<=1.5),4,AND($W59>1.5,$W59<=2),5,AND($W59>2,$W59<=3),6,AND($W59>3,$W59<=4),7,$W59>4,8)} -> 8 | AB59: {=_xlfn.IFS($X59=0,0,AND($X59>0,$X59<=0.5),2,AND($X59>0.5,$X59<=1),3,AND($X59>1,$X59<=1.5),4,AND($X59>1.5,$X59<=2),5,AND($X59>2,$X59<=3),6,AND($X59>3,$X59<=4),7,$X59>4,8)} -> 0 | AC59: {=_xlfn.IFS($Y59=0,0,AND($Y59>0,$Y59<=0.5),2,AND($Y59>0.5,$Y59<=1),3,AND($Y59>1,$Y59<=1.5),4,AND($Y59>1.5,$Y59<=2),5,AND($Y59>2,$Y59<=3),6,AND($Y59>3,$Y59<=4),7,$Y59>4,8)} -> 0 | AD59: 8.55 | AE59: 1.35 | AF59: =AD59+AE59 -> 9.9 | AG59: 2570 | AH59: Q2
A60: 57 | B60: กรุงเทพมหานครและปริมณฑล | C60: กรุงเทพมหานคร | D60: หักเสาไฟฟ้า | E60: UG67/OTH/0005 | F60: ถนนลาดพร้าว ช่วงที่ 3 (2 ฝั่งถนน) ถนนประดิษฐมนูธรรม -แยกบางกระปิ) | G60: 9.8 | H60: BKK3 | I60: 2570 | J60: 46325 | K60: 46461 | L60: Wait Duct (NT) | M60: ลงใต้ดิน | N60: yes | O60: =IF(N60="yes", IF(T60="60C",AD60*180000/2, IF(T60="144C",AD60*215000/2, IF(T60="216C",AD60*245000/2, 0) ) ), IF(T60="60C",AD60*180000, IF(T60="144C",AD60*215000, IF(T60="216C",AD60*245000, )))) -> 1000825 | P60: =IF(N60="yes",ROUNDUP(AD60,1)*9650*12/2,ROUNDUP(AD60,1)*9650*12) -> 544260 | Q60: Request | R60: 13.786459682047154, 100.60876053559376 | S60: 13.766300609623196, 100.64787717735416 | T60: 144C | X60: =AF60 -> 10.78 | Z60: {=_xlfn.LET( _xlpm.a,IF(ISNUMBER($U60),$U60,IFERROR(_xlfn.NUMBERVALUE(TRIM($U60)),0)), _xlpm.b,IF(ISNUMBER($V60),$V60,IFERROR(_xlfn.NUMBERVALUE(TRIM($V60)),0)), _xlpm.score,_xlfn.LAMBDA(_xlpm.x,_xlfn.IFS(_xlpm.x<0,0,_xlpm.x=0,0,_xlpm.x<=0.5,2,_xlpm.x<=1,3,_xlpm.x<=1.5,4, _xlpm.x<=2,5,_xlpm.x<=3,6,_xlpm.x<=4,7,_xlpm.x<=5,8,_xlpm.x>5,9)), _xlpm.score(_xlpm.a)+_xlpm.score(_xlpm.b))} -> 0 | AA60: {=_xlfn.IFS($W60=0,0,AND($W60>0,$W60<=0.5),2,AND($W60>0.5,$W60<=1),3,AND($W60>1,$W60<=1.5),4,AND($W60>1.5,$W60<=2),5,AND($W60>2,$W60<=3),6,AND($W60>3,$W60<=4),7,$W60>4,8)} -> 0 | AB60: {=_xlfn.IFS($X60=0,0,AND($X60>0,$X60<=0.5),2,AND($X60>0.5,$X60<=1),3,AND($X60>1,$X60<=1.5),4,AND($X60>1.5,$X60<=2),5,AND($X60>2,$X60<=3),6,AND($X60>3,$X60<=4),7,$X60>4,8)} -> 8 | AC60: {=_xlfn.IFS($Y60=0,0,AND($Y60>0,$Y60<=0.5),2,AND($Y60>0.5,$Y60<=1),3,AND($Y60>1,$Y60<=1.5),4,AND($Y60>1.5,$Y60<=2),5,AND($Y60>2,$Y60<=3),6,AND($Y60>3,$Y60<=4),7,$Y60>4,8)} -> 0 | AD60: 9.31 | AE60: 1.47 | AF60: =AD60+AE60 -> 10.78 | AG60: 2570 | AH60: Q3
A61: 58 | B61: กรุงเทพมหานครและปริมณฑล | C61: กรุงเทพมหานคร | D61: หักเสาไฟฟ้า | E61: UG68/MSN/0002 | F61: ถนนศรีนครินทร์ ช่วงที่ 1 (2 ฝั่งถนน) (แยกบางกะปิ - ถนนอ่อนนุช) | G61: 12 | H61: BKK3 | I61: 2570 | J61: 46326 | K61: 46470 | L61: Wait Duct (NT) | M61: ลงใต้ดิน | N61: yes | O61: =IF(N61="yes", IF(T61="60C",AD61*180000/2, IF(T61="144C",AD61*215000/2, IF(T61="216C",AD61*245000/2, 0) ) ), IF(T61="60C",AD61*180000, IF(T61="144C",AD61*215000, IF(T61="216C",AD61*245000, )))) -> 1225500 | P61: =IF(N61="yes",ROUNDUP(AD61,1)*9650*12/2,ROUNDUP(AD61,1)*9650*12) -> 660060 | Q61: Request | R61: 13.7660546465012, 100.64532484985841 | S61: 13.712741344301582, 100.64378503803319 | T61: 144C | X61: =AF61 -> 13.2 | Z61: {=_xlfn.LET( _xlpm.a,IF(ISNUMBER($U61),$U61,IFERROR(_xlfn.NUMBERVALUE(TRIM($U61)),0)), _xlpm.b,IF(ISNUMBER($V61),$V61,IFERROR(_xlfn.NUMBERVALUE(TRIM($V61)),0)), _xlpm.score,_xlfn.LAMBDA(_xlpm.x,_xlfn.IFS(_xlpm.x<0,0,_xlpm.x=0,0,_xlpm.x<=0.5,2,_xlpm.x<=1,3,_xlpm.x<=1.5,4, _xlpm.x<=2,5,_xlpm.x<=3,6,_xlpm.x<=4,7,_xlpm.x<=5,8,_xlpm.x>5,9)), _xlpm.score(_xlpm.a)+_xlpm.score(_xlpm.b))} -> 0 | AA61: {=_xlfn.IFS($W61=0,0,AND($W61>0,$W61<=0.5),2,AND($W61>0.5,$W61<=1),3,AND($W61>1,$W61<=1.5),4,AND($W61>1.5,$W61<=2),5,AND($W61>2,$W61<=3),6,AND($W61>3,$W61<=4),7,$W61>4,8)} -> 0 | AB61: {=_xlfn.IFS($X61=0,0,AND($X61>0,$X61<=0.5),2,AND($X61>0.5,$X61<=1),3,AND($X61>1,$X61<=1.5),4,AND($X61>1.5,$X61<=2),5,AND($X61>2,$X61<=3),6,AND($X61>3,$X61<=4),7,$X61>4,8)} -> 8 | AC61: {=_xlfn.IFS($Y61=0,0,AND($Y61>0,$Y61<=0.5),2,AND($Y61>0.5,$Y61<=1),3,AND($Y61>1,$Y61<=1.5),4,AND($Y61>1.5,$Y61<=2),5,AND($Y61>2,$Y61<=3),6,AND($Y61>3,$Y61<=4),7,$Y61>4,8)} -> 0 | AD61: 11.4 | AE61: 1.8 | AF61: =AD61+AE61 -> 13.2 | AG61: 2570 | AH61: Q4
A62: 59 | B62: กรุงเทพมหานครและปริมณฑล | C62: นนทบุรี | D62: หักเสาไฟฟ้า | E62: UG68/MSN/0012 | F62: ถนนติวานนท์ (2 ฝั่งถนน) (ห้าแยกปากเกร็ด - แยกแคราย) | G62: 11.4 | H62: BKK2 | I62: 2570 | J62: 46326 | K62: 46477 | L62: Wait Duct (NT) | M62: ลงใต้ดิน | N62: yes | O62: =IF(N62="yes", IF(T62="60C",AD62*180000/2, IF(T62="144C",AD62*215000/2, IF(T62="216C",AD62*245000/2, 0) ) ), IF(T62="60C",AD62*180000, IF(T62="144C",AD62*215000, IF(T62="216C",AD62*245000, )))) -> 1164225 | P62: =IF(N62="yes",ROUNDUP(AD62,1)*9650*12/2,ROUNDUP(AD62,1)*9650*12) -> 631110 | Q62: Request | R62: 13.907483451106742, 100.50426981226043 | S62: 13.859106845100559, 100.52162183687501 | T62: 144C | X62: =AF62 -> 12.54 | Z62: {=_xlfn.LET( _xlpm.a,IF(ISNUMBER($U62),$U62,IFERROR(_xlfn.NUMBERVALUE(TRIM($U62)),0)), _xlpm.b,IF(ISNUMBER($V62),$V62,IFERROR(_xlfn.NUMBERVALUE(TRIM($V62)),0)), _xlpm.score,_xlfn.LAMBDA(_xlpm.x,_xlfn.IFS(_xlpm.x<0,0,_xlpm.x=0,0,_xlpm.x<=0.5,2,_xlpm.x<=1,3,_xlpm.x<=1.5,4, _xlpm.x<=2,5,_xlpm.x<=3,6,_xlpm.x<=4,7,_xlpm.x<=5,8,_xlpm.x>5,9)), _xlpm.score(_xlpm.a)+_xlpm.score(_xlpm.b))} -> 0 | AA62: {=_xlfn.IFS($W62=0,0,AND($W62>0,$W62<=0.5),2,AND($W62>0.5,$W62<=1),3,AND($W62>1,$W62<=1.5),4,AND($W62>1.5,$W62<=2),5,AND($W62>2,$W62<=3),6,AND($W62>3,$W62<=4),7,$W62>4,8)} -> 0 | AB62: {=_xlfn.IFS($X62=0,0,AND($X62>0,$X62<=0.5),2,AND($X62>0.5,$X62<=1),3,AND($X62>1,$X62<=1.5),4,AND($X62>1.5,$X62<=2),5,AND($X62>2,$X62<=3),6,AND($X62>3,$X62<=4),7,$X62>4,8)} -> 8 | AC62: {=_xlfn.IFS($Y62=0,0,AND($Y62>0,$Y62<=0.5),2,AND($Y62>0.5,$Y62<=1),3,AND($Y62>1,$Y62<=1.5),4,AND($Y62>1.5,$Y62<=2),5,AND($Y62>2,$Y62<=3),6,AND($Y62>3,$Y62<=4),7,$Y62>4,8)} -> 0 | AD62: 10.83 | AE62: 1.71 | AF62: =AD62+AE62 -> 12.54 | AG62: 2570 | AH62: Q2
A63: 60 | B63: กรุงเทพมหานครและปริมณฑล | C63: กรุงเทพมหานคร | D63: หักเสาไฟฟ้า | E63: UG68/MSN/0011 | F63: ถนนพระรามที่ 3 ช่วงที่ 3 (2 ฝั่งถนน) (ถนนตก - ถนนมไหสวรรย์) | G63: 2.2 | H63: BKK4 | I63: 2570 | J63: 46387 | K63: 46494 | L63: Wait Duct (NT) | M63: ลงใต้ดิน | N63: yes | O63: =IF(N63="yes", IF(T63="60C",AD63*180000/2, IF(T63="144C",AD63*215000/2, IF(T63="216C",AD63*245000/2, 0) ) ), IF(T63="60C",AD63*180000, IF(T63="144C",AD63*215000, IF(T63="216C",AD63*245000, )))) -> 224675 | P63: =IF(N63="yes",ROUNDUP(AD63,1)*9650*12/2,ROUNDUP(AD63,1)*9650*12) -> 121590 | Q63: Request | R63: 13.697207935948072, 100.49696301006382 | S63: 13.702965139932047, 100.48847828631324 | T63: 144C | X63: =AF63 -> 2.42 | Z63: {=_xlfn.LET( _xlpm.a,IF(ISNUMBER($U63),$U63,IFERROR(_xlfn.NUMBERVALUE(TRIM($U63)),0)), _xlpm.b,IF(ISNUMBER($V63),$V63,IFERROR(_xlfn.NUMBERVALUE(TRIM($V63)),0)), _xlpm.score,_xlfn.LAMBDA(_xlpm.x,_xlfn.IFS(_xlpm.x<0,0,_xlpm.x=0,0,_xlpm.x<=0.5,2,_xlpm.x<=1,3,_xlpm.x<=1.5,4, _xlpm.x<=2,5,_xlpm.x<=3,6,_xlpm.x<=4,7,_xlpm.x<=5,8,_xlpm.x>5,9)), _xlpm.score(_xlpm.a)+_xlpm.score(_xlpm.b))} -> 0 | AA63: {=_xlfn.IFS($W63=0,0,AND($W63>0,$W63<=0.5),2,AND($W63>0.5,$W63<=1),3,AND($W63>1,$W63<=1.5),4,AND($W63>1.5,$W63<=2),5,AND($W63>2,$W63<=3),6,AND($W63>3,$W63<=4),7,$W63>4,8)} -> 0 | AB63: {=_xlfn.IFS($X63=0,0,AND($X63>0,$X63<=0.5),2,AND($X63>0.5,$X63<=1),3,AND($X63>1,$X63<=1.5),4,AND($X63>1.5,$X63<=2),5,AND($X63>2,$X63<=3),6,AND($X63>3,$X63<=4),7,$X63>4,8)} -> 6 | AC63: {=_xlfn.IFS($Y63=0,0,AND($Y63>0,$Y63<=0.5),2,AND($Y63>0.5,$Y63<=1),3,AND($Y63>1,$Y63<=1.5),4,AND($Y63>1.5,$Y63<=2),5,AND($Y63>2,$Y63<=3),6,AND($Y63>3,$Y63<=4),7,$Y63>4,8)} -> 0 | AD63: 2.09 | AE63: 0.33 | AF63: =AD63+AE63 -> 2.42 | AG63: 2570 | AH63: Q2
A64: 61 | B64: กรุงเทพมหานครและปริมณฑล | C64: กรุงเทพมหานคร | D64: ไม่หักเสาไฟฟ้า | E64: UG65/OTH/0017 | F64: ถนนวิภาวดีรังสิต ช่วงที่ 1 (2 ฝั่งถนน) (ดินแดง - ลาดพร้าว) | G64: 11.8 | H64: BKK2 | I64: 2570 | J64: 46387 | K64: 46497 | L64: Wait Duct (NT) | M64: ลงใต้ดิน | N64: yes | O64: =IF(N64="yes", IF(T64="60C",AD64*180000/2, IF(T64="144C",AD64*215000/2, IF(T64="216C",AD64*245000/2, 0) ) ), IF(T64="60C",AD64*180000, IF(T64="144C",AD64*215000, IF(T64="216C",AD64*245000, )))) -> 1205075 | P64: =IF(N64="yes",ROUNDUP(AD64,1)*9650*12/2,ROUNDUP(AD64,1)*9650*12) -> 654270 | Q64: Request | R64: 13.763888548398961, 100.54821285898583 | S64: 13.81366815830685, 100.56018218643692 | T64: 144C | X64: =AF64 -> 12.98 | Z64: {=_xlfn.LET( _xlpm.a,IF(ISNUMBER($U64),$U64,IFERROR(_xlfn.NUMBERVALUE(TRIM($U64)),0)), _xlpm.b,IF(ISNUMBER($V64),$V64,IFERROR(_xlfn.NUMBERVALUE(TRIM($V64)),0)), _xlpm.score,_xlfn.LAMBDA(_xlpm.x,_xlfn.IFS(_xlpm.x<0,0,_xlpm.x=0,0,_xlpm.x<=0.5,2,_xlpm.x<=1,3,_xlpm.x<=1.5,4, _xlpm.x<=2,5,_xlpm.x<=3,6,_xlpm.x<=4,7,_xlpm.x<=5,8,_xlpm.x>5,9)), _xlpm.score(_xlpm.a)+_xlpm.score(_xlpm.b))} -> 0 | AA64: {=_xlfn.IFS($W64=0,0,AND($W64>0,$W64<=0.5),2,AND($W64>0.5,$W64<=1),3,AND($W64>1,$W64<=1.5),4,AND($W64>1.5,$W64<=2),5,AND($W64>2,$W64<=3),6,AND($W64>3,$W64<=4),7,$W64>4,8)} -> 0 | AB64: {=_xlfn.IFS($X64=0,0,AND($X64>0,$X64<=0.5),2,AND($X64>0.5,$X64<=1),3,AND($X64>1,$X64<=1.5),4,AND($X64>1.5,$X64<=2),5,AND($X64>2,$X64<=3),6,AND($X64>3,$X64<=4),7,$X64>4,8)} -> 8 | AC64: {=_xlfn.IFS($Y64=0,0,AND($Y64>0,$Y64<=0.5),2,AND($Y64>0.5,$Y64<=1),3,AND($Y64>1,$Y64<=1.5),4,AND($Y64>1.5,$Y64<=2),5,AND($Y64>2,$Y64<=3),6,AND($Y64>3,$Y64<=4),7,$Y64>4,8)} -> 0 | AD64: 11.21 | AE64: 1.77 | AF64: =AD64+AE64 -> 12.98 | AG64: 2570 | AH64: Q3
A65: 62 | B65: กรุงเทพมหานครและปริมณฑล | C65: นนทบุรี | D65: หักเสาไฟฟ้า | E65: UG68/OTH/0010 | F65: ถนนรัตนาธิเบศร์ ช่วงที่ 1 (2 ฝั่งถนน) (สี่แยกแคราย - สะพานพระนั่งเกล้า) | G65: 9.6 | H65: BKK2 | I65: 2570 | J65: 46326 | K65: 46507 | L65: Wait Duct (NT) | M65: ลงใต้ดิน | N65: no | O65: =IF(N65="yes", IF(T65="60C",AD65*180000/2, IF(T65="144C",AD65*215000/2, IF(T65="216C",AD65*245000/2, 0) ) ), IF(T65="60C",AD65*180000, IF(T65="144C",AD65*215000, IF(T65="216C",AD65*245000, )))) -> 1960800 | P65: =IF(N65="yes",ROUNDUP(AD65,1)*9650*12/2,ROUNDUP(AD65,1)*9650*12) -> 1065360 | Q65: Request | R65: 13.85913947230355, 100.52167406050074 | S65: 13.870702682930677, 100.47771600701854 | T65: 144C | X65: =AF65 -> 10.56 | Z65: {=_xlfn.LET( _xlpm.a,IF(ISNUMBER($U65),$U65,IFERROR(_xlfn.NUMBERVALUE(TRIM($U65)),0)), _xlpm.b,IF(ISNUMBER($V65),$V65,IFERROR(_xlfn.NUMBERVALUE(TRIM($V65)),0)), _xlpm.score,_xlfn.LAMBDA(_xlpm.x,_xlfn.IFS(_xlpm.x<0,0,_xlpm.x=0,0,_xlpm.x<=0.5,2,_xlpm.x<=1,3,_xlpm.x<=1.5,4, _xlpm.x<=2,5,_xlpm.x<=3,6,_xlpm.x<=4,7,_xlpm.x<=5,8,_xlpm.x>5,9)), _xlpm.score(_xlpm.a)+_xlpm.score(_xlpm.b))} -> 0 | AA65: {=_xlfn.IFS($W65=0,0,AND($W65>0,$W65<=0.5),2,AND($W65>0.5,$W65<=1),3,AND($W65>1,$W65<=1.5),4,AND($W65>1.5,$W65<=2),5,AND($W65>2,$W65<=3),6,AND($W65>3,$W65<=4),7,$W65>4,8)} -> 0 | AB65: {=_xlfn.IFS($X65=0,0,AND($X65>0,$X65<=0.5),2,AND($X65>0.5,$X65<=1),3,AND($X65>1,$X65<=1.5),4,AND($X65>1.5,$X65<=2),5,AND($X65>2,$X65<=3),6,AND($X65>3,$X65<=4),7,$X65>4,8)} -> 8 | AC65: {=_xlfn.IFS($Y65=0,0,AND($Y65>0,$Y65<=0.5),2,AND($Y65>0.5,$Y65<=1),3,AND($Y65>1,$Y65<=1.5),4,AND($Y65>1.5,$Y65<=2),5,AND($Y65>2,$Y65<=3),6,AND($Y65>3,$Y65<=4),7,$Y65>4,8)} -> 0 | AD65: 9.12 | AE65: 1.44 | AF65: =AD65+AE65 -> 10.56 | AG65: 2570 | AH65: Q4
A66: 63 | B66: กรุงเทพมหานครและปริมณฑล | C66: กรุงเทพมหานคร | D66: หักเสาไฟฟ้า | E66: UG69/MSN/0007 | F66: ถนนอรุณอมรินทร์ ช่วงที่ 2 (2 ฝั่งถนน) (คลองบางกอกน้อย - เชิงสะพานสะพาน 8) | G66: 4 | H66: BKK1 | I66: 2570 | J66: 46326 | K66: 46507 | L66: Wait Duct (NT) | M66: ลงใต้ดิน | N66: yes | O66: =IF(N66="yes", IF(T66="60C",AD66*180000/2, IF(T66="144C",AD66*215000/2, IF(T66="216C",AD66*245000/2, 0) ) ), IF(T66="60C",AD66*180000, IF(T66="144C",AD66*215000, IF(T66="216C",AD66*245000, )))) -> 342000 | P66: =IF(N66="yes",ROUNDUP(AD66,1)*9650*12/2,ROUNDUP(AD66,1)*9650*12) -> 220020 | Q66: Request | R66: 13.761383025574109, 100.48267144386014 | S66: 13.769583497524769, 100.49599458599297 | T66: 60C | W66: =AF66 -> 4.4 | Z66: {=_xlfn.LET( _xlpm.a,IF(ISNUMBER($U66),$U66,IFERROR(_xlfn.NUMBERVALUE(TRIM($U66)),0)), _xlpm.b,IF(ISNUMBER($V66),$V66,IFERROR(_xlfn.NUMBERVALUE(TRIM($V66)),0)), _xlpm.score,_xlfn.LAMBDA(_xlpm.x,_xlfn.IFS(_xlpm.x<0,0,_xlpm.x=0,0,_xlpm.x<=0.5,2,_xlpm.x<=1,3,_xlpm.x<=1.5,4, _xlpm.x<=2,5,_xlpm.x<=3,6,_xlpm.x<=4,7,_xlpm.x<=5,8,_xlpm.x>5,9)), _xlpm.score(_xlpm.a)+_xlpm.score(_xlpm.b))} -> 0 | AA66: {=_xlfn.IFS($W66=0,0,AND($W66>0,$W66<=0.5),2,AND($W66>0.5,$W66<=1),3,AND($W66>1,$W66<=1.5),4,AND($W66>1.5,$W66<=2),5,AND($W66>2,$W66<=3),6,AND($W66>3,$W66<=4),7,$W66>4,8)} -> 8 | AB66: {=_xlfn.IFS($X66=0,0,AND($X66>0,$X66<=0.5),2,AND($X66>0.5,$X66<=1),3,AND($X66>1,$X66<=1.5),4,AND($X66>1.5,$X66<=2),5,AND($X66>2,$X66<=3),6,AND($X66>3,$X66<=4),7,$X66>4,8)} -> 0 | AC66: {=_xlfn.IFS($Y66=0,0,AND($Y66>0,$Y66<=0.5),2,AND($Y66>0.5,$Y66<=1),3,AND($Y66>1,$Y66<=1.5),4,AND($Y66>1.5,$Y66<=2),5,AND($Y66>2,$Y66<=3),6,AND($Y66>3,$Y66<=4),7,$Y66>4,8)} -> 0 | AD66: 3.8 | AE66: 0.6 | AF66: =AD66+AE66 -> 4.4 | AG66: 2570 | AH66: Q4
A67: 64 | B67: กรุงเทพมหานครและปริมณฑล | C67: กรุงเทพมหานคร | D67: หักเสาไฟฟ้า | E67: UG69/OTH/0028 | F67: ถนนอรุณอมรินทร์ ช่วงที่ 1 (2 ฝั่งถนน) (ถนนประชาธิปก - คลองบางกอกน้อย) | G67: 7 | H67: BKK1 | I67: 2570 | J67: 46326 | K67: 46507 | L67: Wait Duct (NT) | M67: ลงใต้ดิน | N67: yes | O67: =IF(N67="yes", IF(T67="60C",AD67*180000/2, IF(T67="144C",AD67*215000/2, IF(T67="216C",AD67*245000/2, 0) ) ), IF(T67="60C",AD67*180000, IF(T67="144C",AD67*215000, IF(T67="216C",AD67*245000, )))) -> 598500 | P67: =IF(N67="yes",ROUNDUP(AD67,1)*9650*12/2,ROUNDUP(AD67,1)*9650*12) -> 387930 | Q67: Request | R67: 13.734311884147507, 100.495841100084 | S67: 13.761383025574109, 100.48267144386014 | T67: 60C | W67: =AF67 -> 7.7 | Z67: {=_xlfn.LET( _xlpm.a,IF(ISNUMBER($U67),$U67,IFERROR(_xlfn.NUMBERVALUE(TRIM($U67)),0)), _xlpm.b,IF(ISNUMBER($V67),$V67,IFERROR(_xlfn.NUMBERVALUE(TRIM($V67)),0)), _xlpm.score,_xlfn.LAMBDA(_xlpm.x,_xlfn.IFS(_xlpm.x<0,0,_xlpm.x=0,0,_xlpm.x<=0.5,2,_xlpm.x<=1,3,_xlpm.x<=1.5,4, _xlpm.x<=2,5,_xlpm.x<=3,6,_xlpm.x<=4,7,_xlpm.x<=5,8,_xlpm.x>5,9)), _xlpm.score(_xlpm.a)+_xlpm.score(_xlpm.b))} -> 0 | AA67: {=_xlfn.IFS($W67=0,0,AND($W67>0,$W67<=0.5),2,AND($W67>0.5,$W67<=1),3,AND($W67>1,$W67<=1.5),4,AND($W67>1.5,$W67<=2),5,AND($W67>2,$W67<=3),6,AND($W67>3,$W67<=4),7,$W67>4,8)} -> 8 | AB67: {=_xlfn.IFS($X67=0,0,AND($X67>0,$X67<=0.5),2,AND($X67>0.5,$X67<=1),3,AND($X67>1,$X67<=1.5),4,AND($X67>1.5,$X67<=2),5,AND($X67>2,$X67<=3),6,AND($X67>3,$X67<=4),7,$X67>4,8)} -> 0 | AC67: {=_xlfn.IFS($Y67=0,0,AND($Y67>0,$Y67<=0.5),2,AND($Y67>0.5,$Y67<=1),3,AND($Y67>1,$Y67<=1.5),4,AND($Y67>1.5,$Y67<=2),5,AND($Y67>2,$Y67<=3),6,AND($Y67>3,$Y67<=4),7,$Y67>4,8)} -> 0 | AD67: 6.65 | AE67: 1.05 | AF67: =AD67+AE67 -> 7.7 | AG67: 2570 | AH67: Q4
A68: 65 | B68: กรุงเทพมหานครและปริมณฑล | C68: กรุงเทพมหานคร | D68: หักเสาไฟฟ้า | E68: UG69/MSN/0012 | F68: ถนนเพชรเกษม (2 ฝั่งถนน) (ถนนราษพฤกษ์ - ถนนพุทธมณฑลสาย 1) | G68: 6.6 | H68: BKK1 | I68: 2570 | J68: 46387 | K68: 46512 | L68: Wait Duct (NT) | M68: ลงใต้ดิน | N68: no | O68: =IF(N68="yes", IF(T68="60C",AD68*180000/2, IF(T68="144C",AD68*215000/2, IF(T68="216C",AD68*245000/2, 0) ) ), IF(T68="60C",AD68*180000, IF(T68="144C",AD68*215000, IF(T68="216C",AD68*245000, )))) -> 1128600 | P68: =IF(N68="yes",ROUNDUP(AD68,1)*9650*12/2,ROUNDUP(AD68,1)*9650*12) -> 729540 | Q68: Request | R68: 13.720709494464097, 100.45810571288538 | S68: 13.712442672460654, 100.42853458862193 | T68: 60C | W68: =AF68 -> 7.26 | Z68: {=_xlfn.LET( _xlpm.a,IF(ISNUMBER($U68),$U68,IFERROR(_xlfn.NUMBERVALUE(TRIM($U68)),0)), _xlpm.b,IF(ISNUMBER($V68),$V68,IFERROR(_xlfn.NUMBERVALUE(TRIM($V68)),0)), _xlpm.score,_xlfn.LAMBDA(_xlpm.x,_xlfn.IFS(_xlpm.x<0,0,_xlpm.x=0,0,_xlpm.x<=0.5,2,_xlpm.x<=1,3,_xlpm.x<=1.5,4, _xlpm.x<=2,5,_xlpm.x<=3,6,_xlpm.x<=4,7,_xlpm.x<=5,8,_xlpm.x>5,9)), _xlpm.score(_xlpm.a)+_xlpm.score(_xlpm.b))} -> 0 | AA68: {=_xlfn.IFS($W68=0,0,AND($W68>0,$W68<=0.5),2,AND($W68>0.5,$W68<=1),3,AND($W68>1,$W68<=1.5),4,AND($W68>1.5,$W68<=2),5,AND($W68>2,$W68<=3),6,AND($W68>3,$W68<=4),7,$W68>4,8)} -> 8 | AB68: {=_xlfn.IFS($X68=0,0,AND($X68>0,$X68<=0.5),2,AND($X68>0.5,$X68<=1),3,AND($X68>1,$X68<=1.5),4,AND($X68>1.5,$X68<=2),5,AND($X68>2,$X68<=3),6,AND($X68>3,$X68<=4),7,$X68>4,8)} -> 0 | AC68: {=_xlfn.IFS($Y68=0,0,AND($Y68>0,$Y68<=0.5),2,AND($Y68>0.5,$Y68<=1),3,AND($Y68>1,$Y68<=1.5),4,AND($Y68>1.5,$Y68<=2),5,AND($Y68>2,$Y68<=3),6,AND($Y68>3,$Y68<=4),7,$Y68>4,8)} -> 0 | AD68: 6.27 | AE68: 0.99 | AF68: =AD68+AE68 -> 7.26 | AG68: 2570 | AH68: Q4
A69: 66 | B69: กรุงเทพมหานครและปริมณฑล | C69: กรุงเทพมหานคร | D69: หักเสาไฟฟ้า | E69: UG68/MSN/0024 | F69: ถนนพุทธมณฑลสาย 1 ช่วงที่ 2 (2 ฝั่งถนน) (พระเทพตัดใหม่ - เลียบทางรถไฟสายใต้) | G69: 10 | H69: BKK1 | I69: 2570 | J69: 46387 | K69: 46524 | L69: Wait Duct (NT) | M69: ลงใต้ดิน | N69: yes | O69: =IF(N69="yes", IF(T69="60C",AD69*180000/2, IF(T69="144C",AD69*215000/2, IF(T69="216C",AD69*245000/2, 0) ) ), IF(T69="60C",AD69*180000, IF(T69="144C",AD69*215000, IF(T69="216C",AD69*245000, )))) -> 855000 | P69: =IF(N69="yes",ROUNDUP(AD69,1)*9650*12/2,ROUNDUP(AD69,1)*9650*12) -> 550050 | Q69: Request | R69: 13.753574880218858, 100.42731599609787 | S69: 13.79881929259296, 100.42620183919459 | T69: 60C | W69: =AF69 -> 11 | Z69: {=_xlfn.LET( _xlpm.a,IF(ISNUMBER($U69),$U69,IFERROR(_xlfn.NUMBERVALUE(TRIM($U69)),0)), _xlpm.b,IF(ISNUMBER($V69),$V69,IFERROR(_xlfn.NUMBERVALUE(TRIM($V69)),0)), _xlpm.score,_xlfn.LAMBDA(_xlpm.x,_xlfn.IFS(_xlpm.x<0,0,_xlpm.x=0,0,_xlpm.x<=0.5,2,_xlpm.x<=1,3,_xlpm.x<=1.5,4, _xlpm.x<=2,5,_xlpm.x<=3,6,_xlpm.x<=4,7,_xlpm.x<=5,8,_xlpm.x>5,9)), _xlpm.score(_xlpm.a)+_xlpm.score(_xlpm.b))} -> 0 | AA69: {=_xlfn.IFS($W69=0,0,AND($W69>0,$W69<=0.5),2,AND($W69>0.5,$W69<=1),3,AND($W69>1,$W69<=1.5),4,AND($W69>1.5,$W69<=2),5,AND($W69>2,$W69<=3),6,AND($W69>3,$W69<=4),7,$W69>4,8)} -> 8 | AB69: {=_xlfn.IFS($X69=0,0,AND($X69>0,$X69<=0.5),2,AND($X69>0.5,$X69<=1),3,AND($X69>1,$X69<=1.5),4,AND($X69>1.5,$X69<=2),5,AND($X69>2,$X69<=3),6,AND($X69>3,$X69<=4),7,$X69>4,8)} -> 0 | AC69: {=_xlfn.IFS($Y69=0,0,AND($Y69>0,$Y69<=0.5),2,AND($Y69>0.5,$Y69<=1),3,AND($Y69>1,$Y69<=1.5),4,AND($Y69>1.5,$Y69<=2),5,AND($Y69>2,$Y69<=3),6,AND($Y69>3,$Y69<=4),7,$Y69>4,8)} -> 0 | AD69: 9.5 | AE69: 1.5 | AF69: =AD69+AE69 -> 11 | AG69: 2570 | AH69: Q3
A70: 67 | B70: กรุงเทพมหานครและปริมณฑล | C70: กรุงเทพมหานคร | D70: หักเสาไฟฟ้า | E70: UG69/MSN/0006 | F70: ถนนพระราม 9 ช่วงที่ 2 (2 ฝั่งถนน) (คลองชวดใหญ่ - แยกรามคำแหง) | G70: 5.4 | H70: BKK3 | I70: 2570 | J70: 46387 | K70: 46525 | L70: Wait Duct (NT) | M70: ลงใต้ดิน | N70: no | O70: =IF(N70="yes", IF(T70="60C",AD70*180000/2, IF(T70="144C",AD70*215000/2, IF(T70="216C",AD70*245000/2, 0) ) ), IF(T70="60C",AD70*180000, IF(T70="144C",AD70*215000, IF(T70="216C",AD70*245000, )))) -> 1102950 | P70: =IF(N70="yes",ROUNDUP(AD70,1)*9650*12/2,ROUNDUP(AD70,1)*9650*12) -> 602160 | Q70: Request | R70: 13.754864464443239, 100.58105671390848 | S70: 13.74738787806981, 100.60562027192252 | T70: 144C | X70: =AF70 -> 5.94 | Z70: {=_xlfn.LET( _xlpm.a,IF(ISNUMBER($U70),$U70,IFERROR(_xlfn.NUMBERVALUE(TRIM($U70)),0)), _xlpm.b,IF(ISNUMBER($V70),$V70,IFERROR(_xlfn.NUMBERVALUE(TRIM($V70)),0)), _xlpm.score,_xlfn.LAMBDA(_xlpm.x,_xlfn.IFS(_xlpm.x<0,0,_xlpm.x=0,0,_xlpm.x<=0.5,2,_xlpm.x<=1,3,_xlpm.x<=1.5,4, _xlpm.x<=2,5,_xlpm.x<=3,6,_xlpm.x<=4,7,_xlpm.x<=5,8,_xlpm.x>5,9)), _xlpm.score(_xlpm.a)+_xlpm.score(_xlpm.b))} -> 0 | AA70: {=_xlfn.IFS($W70=0,0,AND($W70>0,$W70<=0.5),2,AND($W70>0.5,$W70<=1),3,AND($W70>1,$W70<=1.5),4,AND($W70>1.5,$W70<=2),5,AND($W70>2,$W70<=3),6,AND($W70>3,$W70<=4),7,$W70>4,8)} -> 0 | AB70: {=_xlfn.IFS($X70=0,0,AND($X70>0,$X70<=0.5),2,AND($X70>0.5,$X70<=1),3,AND($X70>1,$X70<=1.5),4,AND($X70>1.5,$X70<=2),5,AND($X70>2,$X70<=3),6,AND($X70>3,$X70<=4),7,$X70>4,8)} -> 8 | AC70: {=_xlfn.IFS($Y70=0,0,AND($Y70>0,$Y70<=0.5),2,AND($Y70>0.5,$Y70<=1),3,AND($Y70>1,$Y70<=1.5),4,AND($Y70>1.5,$Y70<=2),5,AND($Y70>2,$Y70<=3),6,AND($Y70>3,$Y70<=4),7,$Y70>4,8)} -> 0 | AD70: 5.13 | AE70: 0.81 | AF70: =AD70+AE70 -> 5.94 | AG70: 2570 | AH70: Q4
A71: 68 | B71: กรุงเทพมหานครและปริมณฑล | C71: กรุงเทพมหานคร,นนทบุรี | D71: หักเสาไฟฟ้า | E71: UG69/MSN/0008 | F71: ถนนแจ้งวัฒนะ ช่วงที่ 3/1 (2 ฝั่งถนน) (คลองประปา - ถนนวิภาวดี-รังสิต) | G71: 6 | H71: BKK2 | I71: 2570 | J71: 46387 | K71: 46526 | L71: Wait Duct (NT) | M71: ลงใต้ดิน | N71: no | O71: =IF(N71="yes", IF(T71="60C",AD71*180000/2, IF(T71="144C",AD71*215000/2, IF(T71="216C",AD71*245000/2, 0) ) ), IF(T71="60C",AD71*180000, IF(T71="144C",AD71*215000, IF(T71="216C",AD71*245000, )))) -> 1225500 | P71: =IF(N71="yes",ROUNDUP(AD71,1)*9650*12/2,ROUNDUP(AD71,1)*9650*12) -> 660060 | Q71: Request | R71: 13.89530513640685, 100.55428581935875 | S71: 13.884289395891543, 100.58168848808198 | T71: 144C | X71: =AF71 -> 6.6 | Z71: {=_xlfn.LET( _xlpm.a,IF(ISNUMBER($U71),$U71,IFERROR(_xlfn.NUMBERVALUE(TRIM($U71)),0)), _xlpm.b,IF(ISNUMBER($V71),$V71,IFERROR(_xlfn.NUMBERVALUE(TRIM($V71)),0)), _xlpm.score,_xlfn.LAMBDA(_xlpm.x,_xlfn.IFS(_xlpm.x<0,0,_xlpm.x=0,0,_xlpm.x<=0.5,2,_xlpm.x<=1,3,_xlpm.x<=1.5,4, _xlpm.x<=2,5,_xlpm.x<=3,6,_xlpm.x<=4,7,_xlpm.x<=5,8,_xlpm.x>5,9)), _xlpm.score(_xlpm.a)+_xlpm.score(_xlpm.b))} -> 0 | AA71: {=_xlfn.IFS($W71=0,0,AND($W71>0,$W71<=0.5),2,AND($W71>0.5,$W71<=1),3,AND($W71>1,$W71<=1.5),4,AND($W71>1.5,$W71<=2),5,AND($W71>2,$W71<=3),6,AND($W71>3,$W71<=4),7,$W71>4,8)} -> 0 | AB71: {=_xlfn.IFS($X71=0,0,AND($X71>0,$X71<=0.5),2,AND($X71>0.5,$X71<=1),3,AND($X71>1,$X71<=1.5),4,AND($X71>1.5,$X71<=2),5,AND($X71>2,$X71<=3),6,AND($X71>3,$X71<=4),7,$X71>4,8)} -> 8 | AC71: {=_xlfn.IFS($Y71=0,0,AND($Y71>0,$Y71<=0.5),2,AND($Y71>0.5,$Y71<=1),3,AND($Y71>1,$Y71<=1.5),4,AND($Y71>1.5,$Y71<=2),5,AND($Y71>2,$Y71<=3),6,AND($Y71>3,$Y71<=4),7,$Y71>4,8)} -> 0 | AD71: 5.7 | AE71: 0.9 | AF71: =AD71+AE71 -> 6.6 | AG71: 2570 | AH71: Q3
A72: 69 | B72: กรุงเทพมหานครและปริมณฑล | C72: กรุงเทพมหานคร | D72: หักเสาไฟฟ้า | E72: UG68/MSN/0001 | F72: ถนนพระราม 3 ช่วงที่ 1 (2 ฝั่งถนน) (แยกคลองเตย - สะพานภูมิพล) | G72: 12.6 | H72: BKK4 | I72: 2570 | J72: 46326 | K72: 46531 | L72: Wait Duct (NT) | M72: ลงใต้ดิน | N72: yes | O72: =IF(N72="yes", IF(T72="60C",AD72*180000/2, IF(T72="144C",AD72*215000/2, IF(T72="216C",AD72*245000/2, 0) ) ), IF(T72="60C",AD72*180000, IF(T72="144C",AD72*215000, IF(T72="216C",AD72*245000, )))) -> 1286775 | P72: =IF(N72="yes",ROUNDUP(AD72,1)*9650*12/2,ROUNDUP(AD72,1)*9650*12) -> 694800 | Q72: Request | R72: 13.720230576746575, 100.55911165911864 | S72: 13.670573996716708, 100.5387166486538 | T72: 144C | X72: =AF72 -> 13.86 | Z72: {=_xlfn.LET( _xlpm.a,IF(ISNUMBER($U72),$U72,IFERROR(_xlfn.NUMBERVALUE(TRIM($U72)),0)), _xlpm.b,IF(ISNUMBER($V72),$V72,IFERROR(_xlfn.NUMBERVALUE(TRIM($V72)),0)), _xlpm.score,_xlfn.LAMBDA(_xlpm.x,_xlfn.IFS(_xlpm.x<0,0,_xlpm.x=0,0,_xlpm.x<=0.5,2,_xlpm.x<=1,3,_xlpm.x<=1.5,4, _xlpm.x<=2,5,_xlpm.x<=3,6,_xlpm.x<=4,7,_xlpm.x<=5,8,_xlpm.x>5,9)), _xlpm.score(_xlpm.a)+_xlpm.score(_xlpm.b))} -> 0 | AA72: {=_xlfn.IFS($W72=0,0,AND($W72>0,$W72<=0.5),2,AND($W72>0.5,$W72<=1),3,AND($W72>1,$W72<=1.5),4,AND($W72>1.5,$W72<=2),5,AND($W72>2,$W72<=3),6,AND($W72>3,$W72<=4),7,$W72>4,8)} -> 0 | AB72: {=_xlfn.IFS($X72=0,0,AND($X72>0,$X72<=0.5),2,AND($X72>0.5,$X72<=1),3,AND($X72>1,$X72<=1.5),4,AND($X72>1.5,$X72<=2),5,AND($X72>2,$X72<=3),6,AND($X72>3,$X72<=4),7,$X72>4,8)} -> 8 | AC72: {=_xlfn.IFS($Y72=0,0,AND($Y72>0,$Y72<=0.5),2,AND($Y72>0.5,$Y72<=1),3,AND($Y72>1,$Y72<=1.5),4,AND($Y72>1.5,$Y72<=2),5,AND($Y72>2,$Y72<=3),6,AND($Y72>3,$Y72<=4),7,$Y72>4,8)} -> 0 | AD72: 11.97 | AE72: 1.89 | AF72: =AD72+AE72 -> 13.86 | AG72: 2570 | AH72: Q3
A73: 70 | B73: กรุงเทพมหานครและปริมณฑล | C73: กรุงเทพมหานคร | D73: หักเสาไฟฟ้า | E73: UG69/MSN/0009 | F73: ถนนแจ้งวัฒนะ ช่วงที่ 4 (2 ฝั่งถนน) (ถนนวิภาวดี-รังสิต - ถนนพหลโยธิน) | G73: 3.6 | H73: BKK2 | I73: 2570 | J73: 46326 | K73: 46540 | L73: Wait Duct (NT) | M73: ลงใต้ดิน | N73: no | O73: =IF(N73="yes", IF(T73="60C",AD73*180000/2, IF(T73="144C",AD73*215000/2, IF(T73="216C",AD73*245000/2, 0) ) ), IF(T73="60C",AD73*180000, IF(T73="144C",AD73*215000, IF(T73="216C",AD73*245000, )))) -> 735300 | P73: =IF(N73="yes",ROUNDUP(AD73,1)*9650*12/2,ROUNDUP(AD73,1)*9650*12) -> 405300 | Q73: Request | R73: 13.884289395891543, 100.58168848808198 | S73: 13.875983265434332, 100.5962550556618 | T73: 144C | X73: =AF73 -> 3.96 | Z73: {=_xlfn.LET( _xlpm.a,IF(ISNUMBER($U73),$U73,IFERROR(_xlfn.NUMBERVALUE(TRIM($U73)),0)), _xlpm.b,IF(ISNUMBER($V73),$V73,IFERROR(_xlfn.NUMBERVALUE(TRIM($V73)),0)), _xlpm.score,_xlfn.LAMBDA(_xlpm.x,_xlfn.IFS(_xlpm.x<0,0,_xlpm.x=0,0,_xlpm.x<=0.5,2,_xlpm.x<=1,3,_xlpm.x<=1.5,4, _xlpm.x<=2,5,_xlpm.x<=3,6,_xlpm.x<=4,7,_xlpm.x<=5,8,_xlpm.x>5,9)), _xlpm.score(_xlpm.a)+_xlpm.score(_xlpm.b))} -> 0 | AA73: {=_xlfn.IFS($W73=0,0,AND($W73>0,$W73<=0.5),2,AND($W73>0.5,$W73<=1),3,AND($W73>1,$W73<=1.5),4,AND($W73>1.5,$W73<=2),5,AND($W73>2,$W73<=3),6,AND($W73>3,$W73<=4),7,$W73>4,8)} -> 0 | AB73: {=_xlfn.IFS($X73=0,0,AND($X73>0,$X73<=0.5),2,AND($X73>0.5,$X73<=1),3,AND($X73>1,$X73<=1.5),4,AND($X73>1.5,$X73<=2),5,AND($X73>2,$X73<=3),6,AND($X73>3,$X73<=4),7,$X73>4,8)} -> 7 | AC73: {=_xlfn.IFS($Y73=0,0,AND($Y73>0,$Y73<=0.5),2,AND($Y73>0.5,$Y73<=1),3,AND($Y73>1,$Y73<=1.5),4,AND($Y73>1.5,$Y73<=2),5,AND($Y73>2,$Y73<=3),6,AND($Y73>3,$Y73<=4),7,$Y73>4,8)} -> 0 | AD73: 3.42 | AE73: 0.54 | AF73: =AD73+AE73 -> 3.96 | AG73: 2570 | AH73: Q3
A74: 71 | B74: กรุงเทพมหานครและปริมณฑล | C74: กรุงเทพมหานคร | D74: หักเสาไฟฟ้า | E74: UG69/MSN/0013 | F74: ถนนศรีนครินทร์ ช่วงที่ 2 (2 ฝั่งถนน) (ถนนอ่อนนุช - ถนนบางนา-ตราด) | G74: 10.6 | H74: BKK3 | I74: 2570 | J74: 46387 | K74: 46559 | L74: Wait Duct (NT) | M74: ลงใต้ดิน | N74: yes | O74: =IF(N74="yes", IF(T74="60C",AD74*180000/2, IF(T74="144C",AD74*215000/2, IF(T74="216C",AD74*245000/2, 0) ) ), IF(T74="60C",AD74*180000, IF(T74="144C",AD74*215000, IF(T74="216C",AD74*245000, )))) -> 1082525 | P74: =IF(N74="yes",ROUNDUP(AD74,1)*9650*12/2,ROUNDUP(AD74,1)*9650*12) -> 584790 | Q74: Request | R74: 13.712747549388109, 100.64380351741858 | S74: 13.665775567115967, 100.64442178038604 | T74: 144C | X74: =AF74 -> 11.66 | Z74: {=_xlfn.LET( _xlpm.a,IF(ISNUMBER($U74),$U74,IFERROR(_xlfn.NUMBERVALUE(TRIM($U74)),0)), _xlpm.b,IF(ISNUMBER($V74),$V74,IFERROR(_xlfn.NUMBERVALUE(TRIM($V74)),0)), _xlpm.score,_xlfn.LAMBDA(_xlpm.x,_xlfn.IFS(_xlpm.x<0,0,_xlpm.x=0,0,_xlpm.x<=0.5,2,_xlpm.x<=1,3,_xlpm.x<=1.5,4, _xlpm.x<=2,5,_xlpm.x<=3,6,_xlpm.x<=4,7,_xlpm.x<=5,8,_xlpm.x>5,9)), _xlpm.score(_xlpm.a)+_xlpm.score(_xlpm.b))} -> 0 | AA74: {=_xlfn.IFS($W74=0,0,AND($W74>0,$W74<=0.5),2,AND($W74>0.5,$W74<=1),3,AND($W74>1,$W74<=1.5),4,AND($W74>1.5,$W74<=2),5,AND($W74>2,$W74<=3),6,AND($W74>3,$W74<=4),7,$W74>4,8)} -> 0 | AB74: {=_xlfn.IFS($X74=0,0,AND($X74>0,$X74<=0.5),2,AND($X74>0.5,$X74<=1),3,AND($X74>1,$X74<=1.5),4,AND($X74>1.5,$X74<=2),5,AND($X74>2,$X74<=3),6,AND($X74>3,$X74<=4),7,$X74>4,8)} -> 8 | AC74: {=_xlfn.IFS($Y74=0,0,AND($Y74>0,$Y74<=0.5),2,AND($Y74>0.5,$Y74<=1),3,AND($Y74>1,$Y74<=1.5),4,AND($Y74>1.5,$Y74<=2),5,AND($Y74>2,$Y74<=3),6,AND($Y74>3,$Y74<=4),7,$Y74>4,8)} -> 0 | AD74: 10.07 | AE74: 1.59 | AF74: =AD74+AE74 -> 11.66 | AG74: 2570 | AH74: Q3
A75: 72 | B75: กรุงเทพมหานครและปริมณฑล | C75: กรุงเทพมหานคร | D75: หักเสาไฟฟ้า | E75: UG68/MSN/0015 | F75: ถนนพุทธมณฑลสาย 1 ช่วงที่ 1 (2 ฝั่งถนน) (ถนนเพชรเกษม - ถนนพระเทพตัดใหม่) | G75: 9.1 | H75: BKK1 | I75: 2570 | J75: 46387 | K75: 46563 | L75: Wait Duct (NT) | M75: ลงใต้ดิน | N75: yes | O75: =IF(N75="yes", IF(T75="60C",AD75*180000/2, IF(T75="144C",AD75*215000/2, IF(T75="216C",AD75*245000/2, 0) ) ), IF(T75="60C",AD75*180000, IF(T75="144C",AD75*215000, IF(T75="216C",AD75*245000, )))) -> 778050 | P75: =IF(N75="yes",ROUNDUP(AD75,1)*9650*12/2,ROUNDUP(AD75,1)*9650*12) -> 503730 | Q75: Request | R75: 13.712442672460654, 100.42853458862193 | S75: 13.753574880218858, 100.42731599609787 | T75: 60C | W75: =AF75 -> 10.01 | Z75: {=_xlfn.LET( _xlpm.a,IF(ISNUMBER($U75),$U75,IFERROR(_xlfn.NUMBERVALUE(TRIM($U75)),0)), _xlpm.b,IF(ISNUMBER($V75),$V75,IFERROR(_xlfn.NUMBERVALUE(TRIM($V75)),0)), _xlpm.score,_xlfn.LAMBDA(_xlpm.x,_xlfn.IFS(_xlpm.x<0,0,_xlpm.x=0,0,_xlpm.x<=0.5,2,_xlpm.x<=1,3,_xlpm.x<=1.5,4, _xlpm.x<=2,5,_xlpm.x<=3,6,_xlpm.x<=4,7,_xlpm.x<=5,8,_xlpm.x>5,9)), _xlpm.score(_xlpm.a)+_xlpm.score(_xlpm.b))} -> 0 | AA75: {=_xlfn.IFS($W75=0,0,AND($W75>0,$W75<=0.5),2,AND($W75>0.5,$W75<=1),3,AND($W75>1,$W75<=1.5),4,AND($W75>1.5,$W75<=2),5,AND($W75>2,$W75<=3),6,AND($W75>3,$W75<=4),7,$W75>4,8)} -> 8 | AB75: {=_xlfn.IFS($X75=0,0,AND($X75>0,$X75<=0.5),2,AND($X75>0.5,$X75<=1),3,AND($X75>1,$X75<=1.5),4,AND($X75>1.5,$X75<=2),5,AND($X75>2,$X75<=3),6,AND($X75>3,$X75<=4),7,$X75>4,8)} -> 0 | AC75: {=_xlfn.IFS($Y75=0,0,AND($Y75>0,$Y75<=0.5),2,AND($Y75>0.5,$Y75<=1),3,AND($Y75>1,$Y75<=1.5),4,AND($Y75>1.5,$Y75<=2),5,AND($Y75>2,$Y75<=3),6,AND($Y75>3,$Y75<=4),7,$Y75>4,8)} -> 0 | AD75: 8.645 | AE75: 1.365 | AF75: =AD75+AE75 -> 10.01 | AG75: 2570 | AH75: Q4
A76: 73 | B76: กรุงเทพมหานครและปริมณฑล | C76: กรุงเทพมหานคร | D76: หักเสาไฟฟ้า | E76: UG69/MSN/0011 | F76: ถนนเพชรเกษม (2 ฝั่งถนน) (ถนนพุทธมณฑลสาย 1 -ถนนกาญจนาภิเษก) | G76: 4.2 | H76: BKK1 | I76: 2570 | J76: 46477 | K76: 46595 | L76: Wait Duct (NT) | M76: ลงใต้ดิน | N76: no | O76: =IF(N76="yes", IF(T76="60C",AD76*180000/2, IF(T76="144C",AD76*215000/2, IF(T76="216C",AD76*245000/2, 0) ) ), IF(T76="60C",AD76*180000, IF(T76="144C",AD76*215000, IF(T76="216C",AD76*245000, )))) -> 718200 | P76: =IF(N76="yes",ROUNDUP(AD76,1)*9650*12/2,ROUNDUP(AD76,1)*9650*12) -> 463200 | Q76: Request | R76: 13.712442672460654, 100.42853458862193 | S76: 13.710662902290956, 100.40597525539593 | T76: 60C | W76: =AF76 -> 4.62 | Z76: {=_xlfn.LET( _xlpm.a,IF(ISNUMBER($U76),$U76,IFERROR(_xlfn.NUMBERVALUE(TRIM($U76)),0)), _xlpm.b,IF(ISNUMBER($V76),$V76,IFERROR(_xlfn.NUMBERVALUE(TRIM($V76)),0)), _xlpm.score,_xlfn.LAMBDA(_xlpm.x,_xlfn.IFS(_xlpm.x<0,0,_xlpm.x=0,0,_xlpm.x<=0.5,2,_xlpm.x<=1,3,_xlpm.x<=1.5,4, _xlpm.x<=2,5,_xlpm.x<=3,6,_xlpm.x<=4,7,_xlpm.x<=5,8,_xlpm.x>5,9)), _xlpm.score(_xlpm.a)+_xlpm.score(_xlpm.b))} -> 0 | AA76: {=_xlfn.IFS($W76=0,0,AND($W76>0,$W76<=0.5),2,AND($W76>0.5,$W76<=1),3,AND($W76>1,$W76<=1.5),4,AND($W76>1.5,$W76<=2),5,AND($W76>2,$W76<=3),6,AND($W76>3,$W76<=4),7,$W76>4,8)} -> 8 | AB76: {=_xlfn.IFS($X76=0,0,AND($X76>0,$X76<=0.5),2,AND($X76>0.5,$X76<=1),3,AND($X76>1,$X76<=1.5),4,AND($X76>1.5,$X76<=2),5,AND($X76>2,$X76<=3),6,AND($X76>3,$X76<=4),7,$X76>4,8)} -> 0 | AC76: {=_xlfn.IFS($Y76=0,0,AND($Y76>0,$Y76<=0.5),2,AND($Y76>0.5,$Y76<=1),3,AND($Y76>1,$Y76<=1.5),4,AND($Y76>1.5,$Y76<=2),5,AND($Y76>2,$Y76<=3),6,AND($Y76>3,$Y76<=4),7,$Y76>4,8)} -> 0 | AD76: 3.99 | AE76: 0.63 | AF76: =AD76+AE76 -> 4.62 | AG76: 2571 | AH76: Q4
A77: 74 | B77: กรุงเทพมหานครและปริมณฑล | C77: กรุงเทพมหานคร,สมุทรปราการ | D77: หักเสาไฟฟ้า | E77: UG69/MSN/0004 | F77: ถนนศรีนครินทร์ ช่วงที่ 3 (2 ฝั่งถนน) (ถนนบางนา-ตราด - แยกศรีเทพา) | G77: 9.4 | H77: BKK3 | I77: 2570 | J77: 46387 | K77: 46650 | L77: Wait Duct (NT) | M77: ลงใต้ดิน | N77: yes | O77: =IF(N77="yes", IF(T77="60C",AD77*180000/2, IF(T77="144C",AD77*215000/2, IF(T77="216C",AD77*245000/2, 0) ) ), IF(T77="60C",AD77*180000, IF(T77="144C",AD77*215000, IF(T77="216C",AD77*245000, )))) -> 959975 | P77: =IF(N77="yes",ROUNDUP(AD77,1)*9650*12/2,ROUNDUP(AD77,1)*9650*12) -> 521100 | Q77: Request | R77: 13.665990630527826, 100.64440222542729 | S77: 13.627650297263113, 100.62689861016285 | T77: 144C | X77: =AF77 -> 10.34 | Z77: {=_xlfn.LET( _xlpm.a,IF(ISNUMBER($U77),$U77,IFERROR(_xlfn.NUMBERVALUE(TRIM($U77)),0)), _xlpm.b,IF(ISNUMBER($V77),$V77,IFERROR(_xlfn.NUMBERVALUE(TRIM($V77)),0)), _xlpm.score,_xlfn.LAMBDA(_xlpm.x,_xlfn.IFS(_xlpm.x<0,0,_xlpm.x=0,0,_xlpm.x<=0.5,2,_xlpm.x<=1,3,_xlpm.x<=1.5,4, _xlpm.x<=2,5,_xlpm.x<=3,6,_xlpm.x<=4,7,_xlpm.x<=5,8,_xlpm.x>5,9)), _xlpm.score(_xlpm.a)+_xlpm.score(_xlpm.b))} -> 0 | AA77: {=_xlfn.IFS($W77=0,0,AND($W77>0,$W77<=0.5),2,AND($W77>0.5,$W77<=1),3,AND($W77>1,$W77<=1.5),4,AND($W77>1.5,$W77<=2),5,AND($W77>2,$W77<=3),6,AND($W77>3,$W77<=4),7,$W77>4,8)} -> 0 | AB77: {=_xlfn.IFS($X77=0,0,AND($X77>0,$X77<=0.5),2,AND($X77>0.5,$X77<=1),3,AND($X77>1,$X77<=1.5),4,AND($X77>1.5,$X77<=2),5,AND($X77>2,$X77<=3),6,AND($X77>3,$X77<=4),7,$X77>4,8)} -> 8 | AC77: {=_xlfn.IFS($Y77=0,0,AND($Y77>0,$Y77<=0.5),2,AND($Y77>0.5,$Y77<=1),3,AND($Y77>1,$Y77<=1.5),4,AND($Y77>1.5,$Y77<=2),5,AND($Y77>2,$Y77<=3),6,AND($Y77>3,$Y77<=4),7,$Y77>4,8)} -> 0 | AD77: 8.93 | AE77: 1.41 | AF77: =AD77+AE77 -> 10.34 | AG77: 2571 | AH77: Q4
A78: 75 | B78: กรุงเทพมหานครและปริมณฑล | C78: กรุงเทพมหานคร | D78: หักเสาไฟฟ้า | E78: UG69/MSN/0003 | F78: ถนนรามอินทรา (2 ฝั่งถนน) (วงเวียนวัดพระศรีฯ - แยกคู้บอน) | G78: 16.2 | H78: BKK2 | I78: 2570 | J78: 46387 | K78: 46657 | L78: Wait Duct (NT) | M78: ลงใต้ดิน | N78: yes | O78: =IF(N78="yes", IF(T78="60C",AD78*180000/2, IF(T78="144C",AD78*215000/2, IF(T78="216C",AD78*245000/2, 0) ) ), IF(T78="60C",AD78*180000, IF(T78="144C",AD78*215000, IF(T78="216C",AD78*245000, )))) -> 1654425 | P78: =IF(N78="yes",ROUNDUP(AD78,1)*9650*12/2,ROUNDUP(AD78,1)*9650*12) -> 891660 | Q78: Request | R78: 13.87492777929034, 100.59709659605444 | S78: 13.839129430098923, 100.66159612076964 | T78: 144C | X78: =AF78 -> 17.82 | Z78: {=_xlfn.LET( _xlpm.a,IF(ISNUMBER($U78),$U78,IFERROR(_xlfn.NUMBERVALUE(TRIM($U78)),0)), _xlpm.b,IF(ISNUMBER($V78),$V78,IFERROR(_xlfn.NUMBERVALUE(TRIM($V78)),0)), _xlpm.score,_xlfn.LAMBDA(_xlpm.x,_xlfn.IFS(_xlpm.x<0,0,_xlpm.x=0,0,_xlpm.x<=0.5,2,_xlpm.x<=1,3,_xlpm.x<=1.5,4, _xlpm.x<=2,5,_xlpm.x<=3,6,_xlpm.x<=4,7,_xlpm.x<=5,8,_xlpm.x>5,9)), _xlpm.score(_xlpm.a)+_xlpm.score(_xlpm.b))} -> 0 | AA78: {=_xlfn.IFS($W78=0,0,AND($W78>0,$W78<=0.5),2,AND($W78>0.5,$W78<=1),3,AND($W78>1,$W78<=1.5),4,AND($W78>1.5,$W78<=2),5,AND($W78>2,$W78<=3),6,AND($W78>3,$W78<=4),7,$W78>4,8)} -> 0 | AB78: {=_xlfn.IFS($X78=0,0,AND($X78>0,$X78<=0.5),2,AND($X78>0.5,$X78<=1),3,AND($X78>1,$X78<=1.5),4,AND($X78>1.5,$X78<=2),5,AND($X78>2,$X78<=3),6,AND($X78>3,$X78<=4),7,$X78>4,8)} -> 8 | AC78: {=_xlfn.IFS($Y78=0,0,AND($Y78>0,$Y78<=0.5),2,AND($Y78>0.5,$Y78<=1),3,AND($Y78>1,$Y78<=1.5),4,AND($Y78>1.5,$Y78<=2),5,AND($Y78>2,$Y78<=3),6,AND($Y78>3,$Y78<=4),7,$Y78>4,8)} -> 0 | AD78: 15.39 | AE78: 2.43 | AF78: =AD78+AE78 -> 17.82 | AG78: 2570 | AH78: Q4
A79: 76 | B79: กรุงเทพมหานครและปริมณฑล | C79: กรุงเทพมหานคร | D79: หักเสาไฟฟ้า | E79: UG69/MSN/0014 | F79: ถนนรามอินทรา (แยกคู้บอน - คลองสามวา) | G79: 17 | H79: BKK3 | I79: 2570 | J79: 46387 | K79: 46657 | L79: Wait Duct (NT) | M79: ลงใต้ดิน | N79: yes | O79: =IF(N79="yes", IF(T79="60C",AD79*180000/2, IF(T79="144C",AD79*215000/2, IF(T79="216C",AD79*245000/2, 0) ) ), IF(T79="60C",AD79*180000, IF(T79="144C",AD79*215000, IF(T79="216C",AD79*245000, )))) -> 1236250 | P79: =IF(N79="yes",ROUNDUP(AD79,1)*9650*12/2,ROUNDUP(AD79,1)*9650*12) -> 665850 | Q79: Request | R79: 13.839129430098923, 100.66159612076964 | S79: 13.812506975237836, 100.72979212876209 | T79: 144C | X79: =AF79 -> 14.05 | Z79: {=_xlfn.LET( _xlpm.a,IF(ISNUMBER($U79),$U79,IFERROR(_xlfn.NUMBERVALUE(TRIM($U79)),0)), _xlpm.b,IF(ISNUMBER($V79),$V79,IFERROR(_xlfn.NUMBERVALUE(TRIM($V79)),0)), _xlpm.score,_xlfn.LAMBDA(_xlpm.x,_xlfn.IFS(_xlpm.x<0,0,_xlpm.x=0,0,_xlpm.x<=0.5,2,_xlpm.x<=1,3,_xlpm.x<=1.5,4, _xlpm.x<=2,5,_xlpm.x<=3,6,_xlpm.x<=4,7,_xlpm.x<=5,8,_xlpm.x>5,9)), _xlpm.score(_xlpm.a)+_xlpm.score(_xlpm.b))} -> 0 | AA79: {=_xlfn.IFS($W79=0,0,AND($W79>0,$W79<=0.5),2,AND($W79>0.5,$W79<=1),3,AND($W79>1,$W79<=1.5),4,AND($W79>1.5,$W79<=2),5,AND($W79>2,$W79<=3),6,AND($W79>3,$W79<=4),7,$W79>4,8)} -> 0 | AB79: {=_xlfn.IFS($X79=0,0,AND($X79>0,$X79<=0.5),2,AND($X79>0.5,$X79<=1),3,AND($X79>1,$X79<=1.5),4,AND($X79>1.5,$X79<=2),5,AND($X79>2,$X79<=3),6,AND($X79>3,$X79<=4),7,$X79>4,8)} -> 8 | AC79: {=_xlfn.IFS($Y79=0,0,AND($Y79>0,$Y79<=0.5),2,AND($Y79>0.5,$Y79<=1),3,AND($Y79>1,$Y79<=1.5),4,AND($Y79>1.5,$Y79<=2),5,AND($Y79>2,$Y79<=3),6,AND($Y79>3,$Y79<=4),7,$Y79>4,8)} -> 0 | AD79: 11.5 | AE79: 2.55 | AF79: =AD79+AE79 -> 14.05 | AG79: 2570 | AH79: Q4
A80: 77 | B80: กรุงเทพมหานครและปริมณฑล | C80: นนทบุรี | D80: หักเสาไฟฟ้า | E80: UG69/MSN/0015 | F80: ถนนแจ้งวัฒนะ ช่วงที่ 3/2 (ทางพิเศษศรีรัช - คลองประปา) | G80: 2.6 | H80: BKK2 | I80: 2570 | J80: 46295 | K80: 46679 | L80: Wait Duct (NT) | M80: ลงใต้ดิน | N80: no | O80: =IF(N80="yes", IF(T80="60C",AD80*180000/2, IF(T80="144C",AD80*215000/2, IF(T80="216C",AD80*245000/2, 0) ) ), IF(T80="60C",AD80*180000, IF(T80="144C",AD80*215000, IF(T80="216C",AD80*245000, )))) -> 531050 | P80: =IF(N80="yes",ROUNDUP(AD80,1)*9650*12/2,ROUNDUP(AD80,1)*9650*12) -> 289500 | Q80: Request | R80: 13.899372925390463, 100.54277034556605 | S80: 13.895382174855305, 100.55454104855691 | T80: 144C | X80: =AF80 -> 2.86 | Z80: {=_xlfn.LET( _xlpm.a,IF(ISNUMBER($U80),$U80,IFERROR(_xlfn.NUMBERVALUE(TRIM($U80)),0)), _xlpm.b,IF(ISNUMBER($V80),$V80,IFERROR(_xlfn.NUMBERVALUE(TRIM($V80)),0)), _xlpm.score,_xlfn.LAMBDA(_xlpm.x,_xlfn.IFS(_xlpm.x<0,0,_xlpm.x=0,0,_xlpm.x<=0.5,2,_xlpm.x<=1,3,_xlpm.x<=1.5,4, _xlpm.x<=2,5,_xlpm.x<=3,6,_xlpm.x<=4,7,_xlpm.x<=5,8,_xlpm.x>5,9)), _xlpm.score(_xlpm.a)+_xlpm.score(_xlpm.b))} -> 0 | AA80: {=_xlfn.IFS($W80=0,0,AND($W80>0,$W80<=0.5),2,AND($W80>0.5,$W80<=1),3,AND($W80>1,$W80<=1.5),4,AND($W80>1.5,$W80<=2),5,AND($W80>2,$W80<=3),6,AND($W80>3,$W80<=4),7,$W80>4,8)} -> 0 | AB80: {=_xlfn.IFS($X80=0,0,AND($X80>0,$X80<=0.5),2,AND($X80>0.5,$X80<=1),3,AND($X80>1,$X80<=1.5),4,AND($X80>1.5,$X80<=2),5,AND($X80>2,$X80<=3),6,AND($X80>3,$X80<=4),7,$X80>4,8)} -> 6 | AC80: {=_xlfn.IFS($Y80=0,0,AND($Y80>0,$Y80<=0.5),2,AND($Y80>0.5,$Y80<=1),3,AND($Y80>1,$Y80<=1.5),4,AND($Y80>1.5,$Y80<=2),5,AND($Y80>2,$Y80<=3),6,AND($Y80>3,$Y80<=4),7,$Y80>4,8)} -> 0 | AD80: 2.47 | AE80: 0.39 | AF80: =AD80+AE80 -> 2.86 | AG80: 2571 | AH80: Q2
A81: 78 | B81: กรุงเทพมหานครและปริมณฑล | C81: กรุงเทพมหานคร | D81: หักเสาไฟฟ้า | E81: UG68/OTH/0005 | F81: ถนนงามวงศ์วาน ช่วงที่ 3 (2 ฝั่งถนน) (แยกตัดถนนวิภาวดี - พหลโยธิน) | G81: 3.5 | H81: BKK2 | I81: 2570 | J81: 46387 | K81: 46685 | L81: Wait Duct (NT) | M81: ลงใต้ดิน | N81: no | O81: =IF(N81="yes", IF(T81="60C",AD81*180000/2, IF(T81="144C",AD81*215000/2, IF(T81="216C",AD81*245000/2, 0) ) ), IF(T81="60C",AD81*180000, IF(T81="144C",AD81*215000, IF(T81="216C",AD81*245000, )))) -> 714875 | P81: =IF(N81="yes",ROUNDUP(AD81,1)*9650*12/2,ROUNDUP(AD81,1)*9650*12) -> 393720 | Q81: Request | R81: 13.84758785765959, 100.56152134861307 | S81: 13.839737739827928, 100.5755610146902 | T81: 144C | X81: =AF81 -> 3.85 | Z81: {=_xlfn.LET( _xlpm.a,IF(ISNUMBER($U81),$U81,IFERROR(_xlfn.NUMBERVALUE(TRIM($U81)),0)), _xlpm.b,IF(ISNUMBER($V81),$V81,IFERROR(_xlfn.NUMBERVALUE(TRIM($V81)),0)), _xlpm.score,_xlfn.LAMBDA(_xlpm.x,_xlfn.IFS(_xlpm.x<0,0,_xlpm.x=0,0,_xlpm.x<=0.5,2,_xlpm.x<=1,3,_xlpm.x<=1.5,4, _xlpm.x<=2,5,_xlpm.x<=3,6,_xlpm.x<=4,7,_xlpm.x<=5,8,_xlpm.x>5,9)), _xlpm.score(_xlpm.a)+_xlpm.score(_xlpm.b))} -> 0 | AA81: {=_xlfn.IFS($W81=0,0,AND($W81>0,$W81<=0.5),2,AND($W81>0.5,$W81<=1),3,AND($W81>1,$W81<=1.5),4,AND($W81>1.5,$W81<=2),5,AND($W81>2,$W81<=3),6,AND($W81>3,$W81<=4),7,$W81>4,8)} -> 0 | AB81: {=_xlfn.IFS($X81=0,0,AND($X81>0,$X81<=0.5),2,AND($X81>0.5,$X81<=1),3,AND($X81>1,$X81<=1.5),4,AND($X81>1.5,$X81<=2),5,AND($X81>2,$X81<=3),6,AND($X81>3,$X81<=4),7,$X81>4,8)} -> 7 | AC81: {=_xlfn.IFS($Y81=0,0,AND($Y81>0,$Y81<=0.5),2,AND($Y81>0.5,$Y81<=1),3,AND($Y81>1,$Y81<=1.5),4,AND($Y81>1.5,$Y81<=2),5,AND($Y81>2,$Y81<=3),6,AND($Y81>3,$Y81<=4),7,$Y81>4,8)} -> 0 | AD81: 3.325 | AE81: 0.525 | AF81: =AD81+AE81 -> 3.85 | AG81: 2571 | AH81: Q3
A82: 79 | B82: กรุงเทพมหานครและปริมณฑล | C82: กรุงเทพมหานคร | D82: หักเสาไฟฟ้า | E82: UG69/MSN/0010 | F82: ถนนประชาราษฎร์สาย 1 (2 ฝั่งถนน) (แยกบางโพ - สะพานพระราม 7) | G82: 3.4 | H82: BKK2 | I82: 2570 | J82: 46599 | K82: 46706 | L82: Wait Duct (NT) | M82: ลงใต้ดิน | N82: no | O82: =IF(N82="yes", IF(T82="60C",AD82*180000/2, IF(T82="144C",AD82*215000/2, IF(T82="216C",AD82*245000/2, 0) ) ), IF(T82="60C",AD82*180000, IF(T82="144C",AD82*215000, IF(T82="216C",AD82*245000, )))) -> 694450 | P82: =IF(N82="yes",ROUNDUP(AD82,1)*9650*12/2,ROUNDUP(AD82,1)*9650*12) -> 382140 | Q82: Request | R82: 13.806374028743074, 100.52159482948991 | S82: 13.817186370340337, 100.52002635049807 | T82: 144C | X82: =AF82 -> 3.74 | Z82: {=_xlfn.LET( _xlpm.a,IF(ISNUMBER($U82),$U82,IFERROR(_xlfn.NUMBERVALUE(TRIM($U82)),0)), _xlpm.b,IF(ISNUMBER($V82),$V82,IFERROR(_xlfn.NUMBERVALUE(TRIM($V82)),0)), _xlpm.score,_xlfn.LAMBDA(_xlpm.x,_xlfn.IFS(_xlpm.x<0,0,_xlpm.x=0,0,_xlpm.x<=0.5,2,_xlpm.x<=1,3,_xlpm.x<=1.5,4, _xlpm.x<=2,5,_xlpm.x<=3,6,_xlpm.x<=4,7,_xlpm.x<=5,8,_xlpm.x>5,9)), _xlpm.score(_xlpm.a)+_xlpm.score(_xlpm.b))} -> 0 | AA82: {=_xlfn.IFS($W82=0,0,AND($W82>0,$W82<=0.5),2,AND($W82>0.5,$W82<=1),3,AND($W82>1,$W82<=1.5),4,AND($W82>1.5,$W82<=2),5,AND($W82>2,$W82<=3),6,AND($W82>3,$W82<=4),7,$W82>4,8)} -> 0 | AB82: {=_xlfn.IFS($X82=0,0,AND($X82>0,$X82<=0.5),2,AND($X82>0.5,$X82<=1),3,AND($X82>1,$X82<=1.5),4,AND($X82>1.5,$X82<=2),5,AND($X82>2,$X82<=3),6,AND($X82>3,$X82<=4),7,$X82>4,8)} -> 7 | AC82: {=_xlfn.IFS($Y82=0,0,AND($Y82>0,$Y82<=0.5),2,AND($Y82>0.5,$Y82<=1),3,AND($Y82>1,$Y82<=1.5),4,AND($Y82>1.5,$Y82<=2),5,AND($Y82>2,$Y82<=3),6,AND($Y82>3,$Y82<=4),7,$Y82>4,8)} -> 0 | AD82: 3.23 | AE82: 0.51 | AF82: =AD82+AE82 -> 3.74 | AG82: 2571 | AH82: Q1
A83: 80 | B83: กรุงเทพมหานครและปริมณฑล | C83: สมุทรปราการ | D83: หักเสาไฟฟ้า | E83: UG68/MSN/0008 | F83: ถนนสุขุมวิท ช่วงที่ 3 (2 ฝั่งถนน) (ถนนกาญจนาภิเษก - ถนนแพรกษา) | G83: 11.4 | H83: BKK3 | I83: 2570 | J83: 46599 | K83: 46721 | L83: Wait Duct (NT) | M83: ลงใต้ดิน | N83: yes | O83: =IF(N83="yes", IF(T83="60C",AD83*180000/2, IF(T83="144C",AD83*215000/2, IF(T83="216C",AD83*245000/2, 0) ) ), IF(T83="60C",AD83*180000, IF(T83="144C",AD83*215000, IF(T83="216C",AD83*245000, )))) -> 1164225 | P83: =IF(N83="yes",ROUNDUP(AD83,1)*9650*12/2,ROUNDUP(AD83,1)*9650*12) -> 631110 | Q83: Request | R83: 13.630168405977164, 100.58884218710807 | S83: 13.586975044752382, 100.60888850297216 | T83: 144C | X83: =AF83 -> 12.54 | Z83: {=_xlfn.LET( _xlpm.a,IF(ISNUMBER($U83),$U83,IFERROR(_xlfn.NUMBERVALUE(TRIM($U83)),0)), _xlpm.b,IF(ISNUMBER($V83),$V83,IFERROR(_xlfn.NUMBERVALUE(TRIM($V83)),0)), _xlpm.score,_xlfn.LAMBDA(_xlpm.x,_xlfn.IFS(_xlpm.x<0,0,_xlpm.x=0,0,_xlpm.x<=0.5,2,_xlpm.x<=1,3,_xlpm.x<=1.5,4, _xlpm.x<=2,5,_xlpm.x<=3,6,_xlpm.x<=4,7,_xlpm.x<=5,8,_xlpm.x>5,9)), _xlpm.score(_xlpm.a)+_xlpm.score(_xlpm.b))} -> 0 | AA83: {=_xlfn.IFS($W83=0,0,AND($W83>0,$W83<=0.5),2,AND($W83>0.5,$W83<=1),3,AND($W83>1,$W83<=1.5),4,AND($W83>1.5,$W83<=2),5,AND($W83>2,$W83<=3),6,AND($W83>3,$W83<=4),7,$W83>4,8)} -> 0 | AB83: {=_xlfn.IFS($X83=0,0,AND($X83>0,$X83<=0.5),2,AND($X83>0.5,$X83<=1),3,AND($X83>1,$X83<=1.5),4,AND($X83>1.5,$X83<=2),5,AND($X83>2,$X83<=3),6,AND($X83>3,$X83<=4),7,$X83>4,8)} -> 8 | AC83: {=_xlfn.IFS($Y83=0,0,AND($Y83>0,$Y83<=0.5),2,AND($Y83>0.5,$Y83<=1),3,AND($Y83>1,$Y83<=1.5),4,AND($Y83>1.5,$Y83<=2),5,AND($Y83>2,$Y83<=3),6,AND($Y83>3,$Y83<=4),7,$Y83>4,8)} -> 0 | AD83: 10.83 | AE83: 1.71 | AF83: =AD83+AE83 -> 12.54 | AG83: 2571 | AH83: Q4
A84: 81 | B84: กรุงเทพมหานครและปริมณฑล | C84: กรุงเทพมหานคร | D84: หักเสาไฟฟ้า | E84: UG68/MSN/0019 | F84: ถนนพระรามที่ 3 ช่วงที่ 2 (2 ฝั่งถนน) (สะพานภูมิพล - ถนนตก) | G84: 11 | H84: BKK4 | I84: 2570 | J84: 46599 | K84: 46721 | L84: Wait Duct (NT) | M84: ลงใต้ดิน | N84: yes | O84: =IF(N84="yes", IF(T84="60C",AD84*180000/2, IF(T84="144C",AD84*215000/2, IF(T84="216C",AD84*245000/2, 0) ) ), IF(T84="60C",AD84*180000, IF(T84="144C",AD84*215000, IF(T84="216C",AD84*245000, )))) -> 940500 | P84: =IF(N84="yes",ROUNDUP(AD84,1)*9650*12/2,ROUNDUP(AD84,1)*9650*12) -> 607950 | Q84: Request | R84: 13.673126085107658, 100.53890823707515 | S84: 13.697198297224833, 100.49698595233737 | T84: 60C | W84: =AF84 -> 12.1 | Z84: {=_xlfn.LET( _xlpm.a,IF(ISNUMBER($U84),$U84,IFERROR(_xlfn.NUMBERVALUE(TRIM($U84)),0)), _xlpm.b,IF(ISNUMBER($V84),$V84,IFERROR(_xlfn.NUMBERVALUE(TRIM($V84)),0)), _xlpm.score,_xlfn.LAMBDA(_xlpm.x,_xlfn.IFS(_xlpm.x<0,0,_xlpm.x=0,0,_xlpm.x<=0.5,2,_xlpm.x<=1,3,_xlpm.x<=1.5,4, _xlpm.x<=2,5,_xlpm.x<=3,6,_xlpm.x<=4,7,_xlpm.x<=5,8,_xlpm.x>5,9)), _xlpm.score(_xlpm.a)+_xlpm.score(_xlpm.b))} -> 0 | AA84: {=_xlfn.IFS($W84=0,0,AND($W84>0,$W84<=0.5),2,AND($W84>0.5,$W84<=1),3,AND($W84>1,$W84<=1.5),4,AND($W84>1.5,$W84<=2),5,AND($W84>2,$W84<=3),6,AND($W84>3,$W84<=4),7,$W84>4,8)} -> 8 | AB84: {=_xlfn.IFS($X84=0,0,AND($X84>0,$X84<=0.5),2,AND($X84>0.5,$X84<=1),3,AND($X84>1,$X84<=1.5),4,AND($X84>1.5,$X84<=2),5,AND($X84>2,$X84<=3),6,AND($X84>3,$X84<=4),7,$X84>4,8)} -> 0 | AC84: {=_xlfn.IFS($Y84=0,0,AND($Y84>0,$Y84<=0.5),2,AND($Y84>0.5,$Y84<=1),3,AND($Y84>1,$Y84<=1.5),4,AND($Y84>1.5,$Y84<=2),5,AND($Y84>2,$Y84<=3),6,AND($Y84>3,$Y84<=4),7,$Y84>4,8)} -> 0 | AD84: 10.45 | AE84: 1.65 | AF84: =AD84+AE84 -> 12.1 | AG84: 2571 | AH84: Q3
A85: 82 | B85: กรุงเทพมหานครและปริมณฑล | C85: กรุงเทพมหานคร | D85: หักเสาไฟฟ้า | E85: UG68/MSN/0018 | F85: ถนนเจริญกรุง (2 ฝั่งถนน) (คลองผลุงกรุงเกษม -แยกสี่กั๊กพระยาศรี) | G85: 4.6 | H85: BKK4 | I85: 2570 | J85: 46660 | K85: 46722 | L85: Wait Duct (NT) | M85: ลงใต้ดิน | N85: yes | O85: =IF(N85="yes", IF(T85="60C",AD85*180000/2, IF(T85="144C",AD85*215000/2, IF(T85="216C",AD85*245000/2, 0) ) ), IF(T85="60C",AD85*180000, IF(T85="144C",AD85*215000, IF(T85="216C",AD85*245000, )))) -> 393300 | P85: =IF(N85="yes",ROUNDUP(AD85,1)*9650*12/2,ROUNDUP(AD85,1)*9650*12) -> 254760 | Q85: Request | R85: 13.747233373703788, 100.49765281176246 | S85: 13.738003031794989, 100.51550915208331 | T85: 60C | W85: =AF85 -> 5.06 | Z85: {=_xlfn.LET( _xlpm.a,IF(ISNUMBER($U85),$U85,IFERROR(_xlfn.NUMBERVALUE(TRIM($U85)),0)), _xlpm.b,IF(ISNUMBER($V85),$V85,IFERROR(_xlfn.NUMBERVALUE(TRIM($V85)),0)), _xlpm.score,_xlfn.LAMBDA(_xlpm.x,_xlfn.IFS(_xlpm.x<0,0,_xlpm.x=0,0,_xlpm.x<=0.5,2,_xlpm.x<=1,3,_xlpm.x<=1.5,4, _xlpm.x<=2,5,_xlpm.x<=3,6,_xlpm.x<=4,7,_xlpm.x<=5,8,_xlpm.x>5,9)), _xlpm.score(_xlpm.a)+_xlpm.score(_xlpm.b))} -> 0 | AA85: {=_xlfn.IFS($W85=0,0,AND($W85>0,$W85<=0.5),2,AND($W85>0.5,$W85<=1),3,AND($W85>1,$W85<=1.5),4,AND($W85>1.5,$W85<=2),5,AND($W85>2,$W85<=3),6,AND($W85>3,$W85<=4),7,$W85>4,8)} -> 8 | AB85: {=_xlfn.IFS($X85=0,0,AND($X85>0,$X85<=0.5),2,AND($X85>0.5,$X85<=1),3,AND($X85>1,$X85<=1.5),4,AND($X85>1.5,$X85<=2),5,AND($X85>2,$X85<=3),6,AND($X85>3,$X85<=4),7,$X85>4,8)} -> 0 | AC85: {=_xlfn.IFS($Y85=0,0,AND($Y85>0,$Y85<=0.5),2,AND($Y85>0.5,$Y85<=1),3,AND($Y85>1,$Y85<=1.5),4,AND($Y85>1.5,$Y85<=2),5,AND($Y85>2,$Y85<=3),6,AND($Y85>3,$Y85<=4),7,$Y85>4,8)} -> 0 | AD85: 4.37 | AE85: 0.69 | AF85: =AD85+AE85 -> 5.06 | AG85: 2571 | AH85: Q3
A86: 83 | B86: กรุงเทพมหานครและปริมณฑล | C86: กรุงเทพมหานคร | D86: หักเสาไฟฟ้า | E86: UG68/MSN/0013 | F86: ถนนพระเทพตัดใหม่ (2 ฝั่งถนน) (สี่แยกไฟฉาย - ถนนกาญจนาภิเษก) | G86: 14 | H86: BKK1 | I86: 2570 | J86: 46568 | K86: 46728 | L86: Wait Duct (NT) | M86: ลงใต้ดิน+Re-route | N86: yes | O86: =IF(N86="yes", IF(T86="60C",AD86*180000/2, IF(T86="144C",AD86*215000/2, IF(T86="216C",AD86*245000/2, 0) ) ), IF(T86="60C",AD86*180000, IF(T86="144C",AD86*215000, IF(T86="216C",AD86*245000, )))) -> 1197000 | P86: =IF(N86="yes",ROUNDUP(AD86,1)*9650*12/2,ROUNDUP(AD86,1)*9650*12) -> 770070 | Q86: Request | R86: 13.754833084923735, 100.46935875678437 | S86: 13.754392915667289, 100.40580883168056 | T86: 60C | W86: =AF86 -> 15.4 | Z86: {=_xlfn.LET( _xlpm.a,IF(ISNUMBER($U86),$U86,IFERROR(_xlfn.NUMBERVALUE(TRIM($U86)),0)), _xlpm.b,IF(ISNUMBER($V86),$V86,IFERROR(_xlfn.NUMBERVALUE(TRIM($V86)),0)), _xlpm.score,_xlfn.LAMBDA(_xlpm.x,_xlfn.IFS(_xlpm.x<0,0,_xlpm.x=0,0,_xlpm.x<=0.5,2,_xlpm.x<=1,3,_xlpm.x<=1.5,4, _xlpm.x<=2,5,_xlpm.x<=3,6,_xlpm.x<=4,7,_xlpm.x<=5,8,_xlpm.x>5,9)), _xlpm.score(_xlpm.a)+_xlpm.score(_xlpm.b))} -> 0 | AA86: {=_xlfn.IFS($W86=0,0,AND($W86>0,$W86<=0.5),2,AND($W86>0.5,$W86<=1),3,AND($W86>1,$W86<=1.5),4,AND($W86>1.5,$W86<=2),5,AND($W86>2,$W86<=3),6,AND($W86>3,$W86<=4),7,$W86>4,8)} -> 8 | AB86: {=_xlfn.IFS($X86=0,0,AND($X86>0,$X86<=0.5),2,AND($X86>0.5,$X86<=1),3,AND($X86>1,$X86<=1.5),4,AND($X86>1.5,$X86<=2),5,AND($X86>2,$X86<=3),6,AND($X86>3,$X86<=4),7,$X86>4,8)} -> 0 | AC86: {=_xlfn.IFS($Y86=0,0,AND($Y86>0,$Y86<=0.5),2,AND($Y86>0.5,$Y86<=1),3,AND($Y86>1,$Y86<=1.5),4,AND($Y86>1.5,$Y86<=2),5,AND($Y86>2,$Y86<=3),6,AND($Y86>3,$Y86<=4),7,$Y86>4,8)} -> 0 | AD86: 13.3 | AE86: 2.1 | AF86: =AD86+AE86 -> 15.4 | AG86: 2571 | AH86: Q3
A87: 84 | B87: กรุงเทพมหานครและปริมณฑล | C87: กรุงเทพมหานคร | D87: หักเสาไฟฟ้า | E87: UG68/MSN/0016 | F87: ถนนประชาอุทิศ (2 ฝั่งถนน) (ซอยยอดทอง - เทียมร่วมมิตร) | G87: 2.2 | H87: BKK2 | I87: 2570 | J87: 46660 | K87: 46728 | L87: Wait Duct (NT) | M87: ลงใต้ดิน | N87: yes | O87: =IF(N87="yes", IF(T87="60C",AD87*180000/2, IF(T87="144C",AD87*215000/2, IF(T87="216C",AD87*245000/2, 0) ) ), IF(T87="60C",AD87*180000, IF(T87="144C",AD87*215000, IF(T87="216C",AD87*245000, )))) -> 188100 | P87: =IF(N87="yes",ROUNDUP(AD87,1)*9650*12/2,ROUNDUP(AD87,1)*9650*12) -> 121590 | Q87: Request | R87: 13.771411786582167, 100.58319567528908 | S87: 13.769062391315767, 100.59290692530479 | T87: 60C | W87: =AF87 -> 2.42 | Z87: {=_xlfn.LET( _xlpm.a,IF(ISNUMBER($U87),$U87,IFERROR(_xlfn.NUMBERVALUE(TRIM($U87)),0)), _xlpm.b,IF(ISNUMBER($V87),$V87,IFERROR(_xlfn.NUMBERVALUE(TRIM($V87)),0)), _xlpm.score,_xlfn.LAMBDA(_xlpm.x,_xlfn.IFS(_xlpm.x<0,0,_xlpm.x=0,0,_xlpm.x<=0.5,2,_xlpm.x<=1,3,_xlpm.x<=1.5,4, _xlpm.x<=2,5,_xlpm.x<=3,6,_xlpm.x<=4,7,_xlpm.x<=5,8,_xlpm.x>5,9)), _xlpm.score(_xlpm.a)+_xlpm.score(_xlpm.b))} -> 0 | AA87: {=_xlfn.IFS($W87=0,0,AND($W87>0,$W87<=0.5),2,AND($W87>0.5,$W87<=1),3,AND($W87>1,$W87<=1.5),4,AND($W87>1.5,$W87<=2),5,AND($W87>2,$W87<=3),6,AND($W87>3,$W87<=4),7,$W87>4,8)} -> 6 | AB87: {=_xlfn.IFS($X87=0,0,AND($X87>0,$X87<=0.5),2,AND($X87>0.5,$X87<=1),3,AND($X87>1,$X87<=1.5),4,AND($X87>1.5,$X87<=2),5,AND($X87>2,$X87<=3),6,AND($X87>3,$X87<=4),7,$X87>4,8)} -> 0 | AC87: {=_xlfn.IFS($Y87=0,0,AND($Y87>0,$Y87<=0.5),2,AND($Y87>0.5,$Y87<=1),3,AND($Y87>1,$Y87<=1.5),4,AND($Y87>1.5,$Y87<=2),5,AND($Y87>2,$Y87<=3),6,AND($Y87>3,$Y87<=4),7,$Y87>4,8)} -> 0 | AD87: 2.09 | AE87: 0.33 | AF87: =AD87+AE87 -> 2.42 | AG87: 2571 | AH87: Q3
A88: 85 | B88: กรุงเทพมหานครและปริมณฑล | C88: นนทบุรี | D88: หักเสาไฟฟ้า | E88: UG69/MSN/0015_A | F88: ถนนแจ้งวัฒนะ ช่วงที่ 3/2 (ทางพิเศษศรีรัช - คลองประปา) | G88: 2.6 | H88: BKK2 | I88: 2570 | J88: 46295 | K88: 46679 | L88: Wait Duct (NT) | M88: ลงใต้ดิน | N88: no | O88: =IF(N88="yes", IF(T88="60C",AD88*180000/2, IF(T88="144C",AD88*215000/2, IF(T88="216C",AD88*245000/2, 0) ) ), IF(T88="60C",AD88*180000, IF(T88="144C",AD88*215000, IF(T88="216C",AD88*245000, )))) -> 531050 | P88: =IF(N88="yes",ROUNDUP(AD88,1)*9650*12/2,ROUNDUP(AD88,1)*9650*12) -> 289500 | Q88: Request | R88: 13.899370185812154, 100.54277691745018 | S88: 13.895298639191186, 100.55433576173502 | T88: 144C | X88: =AF88 -> 2.86 | Z88: {=_xlfn.LET( _xlpm.a,IF(ISNUMBER($U88),$U88,IFERROR(_xlfn.NUMBERVALUE(TRIM($U88)),0)), _xlpm.b,IF(ISNUMBER($V88),$V88,IFERROR(_xlfn.NUMBERVALUE(TRIM($V88)),0)), _xlpm.score,_xlfn.LAMBDA(_xlpm.x,_xlfn.IFS(_xlpm.x<0,0,_xlpm.x=0,0,_xlpm.x<=0.5,2,_xlpm.x<=1,3,_xlpm.x<=1.5,4, _xlpm.x<=2,5,_xlpm.x<=3,6,_xlpm.x<=4,7,_xlpm.x<=5,8,_xlpm.x>5,9)), _xlpm.score(_xlpm.a)+_xlpm.score(_xlpm.b))} -> 0 | AA88: {=_xlfn.IFS($W88=0,0,AND($W88>0,$W88<=0.5),2,AND($W88>0.5,$W88<=1),3,AND($W88>1,$W88<=1.5),4,AND($W88>1.5,$W88<=2),5,AND($W88>2,$W88<=3),6,AND($W88>3,$W88<=4),7,$W88>4,8)} -> 0 | AB88: {=_xlfn.IFS($X88=0,0,AND($X88>0,$X88<=0.5),2,AND($X88>0.5,$X88<=1),3,AND($X88>1,$X88<=1.5),4,AND($X88>1.5,$X88<=2),5,AND($X88>2,$X88<=3),6,AND($X88>3,$X88<=4),7,$X88>4,8)} -> 6 | AC88: {=_xlfn.IFS($Y88=0,0,AND($Y88>0,$Y88<=0.5),2,AND($Y88>0.5,$Y88<=1),3,AND($Y88>1,$Y88<=1.5),4,AND($Y88>1.5,$Y88<=2),5,AND($Y88>2,$Y88<=3),6,AND($Y88>3,$Y88<=4),7,$Y88>4,8)} -> 0 | AD88: 2.47 | AE88: 0.39 | AF88: =AD88+AE88 -> 2.86 | AG88: 2571 | AH88: Q2
A89: 86 | B89: กรุงเทพมหานครและปริมณฑล | C89: กรุงเทพมหานคร | D89: หักเสาไฟฟ้า | E89: UG66/OTH/0007 | F89: ถนนราชปรารภ (2 ฝั่งถนน) (ทางรถไฟ - สามเหลี่ยมดินแดง) | G89: 1.8 | H89: BKK4 | I89: 2571 | J89: 46568 | K89: 46783 | L89: Wait Duct (NT) | M89: ลงใต้ดิน | N89: no | O89: =IF(N89="yes", IF(T89="60C",AD89*180000/2, IF(T89="144C",AD89*215000/2, IF(T89="216C",AD89*245000/2, 0) ) ), IF(T89="60C",AD89*180000, IF(T89="144C",AD89*215000, IF(T89="216C",AD89*245000, )))) -> 367650 | P89: =IF(N89="yes",ROUNDUP(AD89,1)*9650*12/2,ROUNDUP(AD89,1)*9650*12) -> 208440 | Q89: Request | R89: 13.754867913663, 100.54216825713313 | S89: 13.762858984447334, 100.54275656304196 | T89: 144C | X89: =AF89 -> 1.98 | Z89: {=_xlfn.LET( _xlpm.a,IF(ISNUMBER($U89),$U89,IFERROR(_xlfn.NUMBERVALUE(TRIM($U89)),0)), _xlpm.b,IF(ISNUMBER($V89),$V89,IFERROR(_xlfn.NUMBERVALUE(TRIM($V89)),0)), _xlpm.score,_xlfn.LAMBDA(_xlpm.x,_xlfn.IFS(_xlpm.x<0,0,_xlpm.x=0,0,_xlpm.x<=0.5,2,_xlpm.x<=1,3,_xlpm.x<=1.5,4, _xlpm.x<=2,5,_xlpm.x<=3,6,_xlpm.x<=4,7,_xlpm.x<=5,8,_xlpm.x>5,9)), _xlpm.score(_xlpm.a)+_xlpm.score(_xlpm.b))} -> 0 | AA89: {=_xlfn.IFS($W89=0,0,AND($W89>0,$W89<=0.5),2,AND($W89>0.5,$W89<=1),3,AND($W89>1,$W89<=1.5),4,AND($W89>1.5,$W89<=2),5,AND($W89>2,$W89<=3),6,AND($W89>3,$W89<=4),7,$W89>4,8)} -> 0 | AB89: {=_xlfn.IFS($X89=0,0,AND($X89>0,$X89<=0.5),2,AND($X89>0.5,$X89<=1),3,AND($X89>1,$X89<=1.5),4,AND($X89>1.5,$X89<=2),5,AND($X89>2,$X89<=3),6,AND($X89>3,$X89<=4),7,$X89>4,8)} -> 5 | AC89: {=_xlfn.IFS($Y89=0,0,AND($Y89>0,$Y89<=0.5),2,AND($Y89>0.5,$Y89<=1),3,AND($Y89>1,$Y89<=1.5),4,AND($Y89>1.5,$Y89<=2),5,AND($Y89>2,$Y89<=3),6,AND($Y89>3,$Y89<=4),7,$Y89>4,8)} -> 0 | AD89: 1.71 | AE89: 0.27 | AF89: =AD89+AE89 -> 1.98 | AG89: 2571 | AH89: Q2
A90: 87 | B90: กรุงเทพมหานครและปริมณฑล | C90: กรุงเทพมหานคร | D90: หักเสาไฟฟ้า | E90: UG70/MSN/0001 | F90: ถนนพหลโยธิน 3 (2 ฝั่งถนน) (อนุสาวรีย์ หลักสี่ - แยก คปอ.) | G90: 13 | H90: BKK2 | I90: 2571 | J90: 46660 | K90: 46783 | L90: Wait Duct (NT) | M90: ลงใต้ดิน | N90: yes | O90: =IF(N90="yes", IF(T90="60C",AD90*180000/2, IF(T90="144C",AD90*215000/2, IF(T90="216C",AD90*245000/2, 0) ) ), IF(T90="60C",AD90*180000, IF(T90="144C",AD90*215000, IF(T90="216C",AD90*245000, )))) -> 1327625 | P90: =IF(N90="yes",ROUNDUP(AD90,1)*9650*12/2,ROUNDUP(AD90,1)*9650*12) -> 717960 | Q90: Request | R90: 13.876485304626145, 100.59728724972366 | S90: 13.923555252952413, 100.6250356779664 | T90: 144C | X90: =AF90 -> 14.3 | Z90: {=_xlfn.LET( _xlpm.a,IF(ISNUMBER($U90),$U90,IFERROR(_xlfn.NUMBERVALUE(TRIM($U90)),0)), _xlpm.b,IF(ISNUMBER($V90),$V90,IFERROR(_xlfn.NUMBERVALUE(TRIM($V90)),0)), _xlpm.score,_xlfn.LAMBDA(_xlpm.x,_xlfn.IFS(_xlpm.x<0,0,_xlpm.x=0,0,_xlpm.x<=0.5,2,_xlpm.x<=1,3,_xlpm.x<=1.5,4, _xlpm.x<=2,5,_xlpm.x<=3,6,_xlpm.x<=4,7,_xlpm.x<=5,8,_xlpm.x>5,9)), _xlpm.score(_xlpm.a)+_xlpm.score(_xlpm.b))} -> 0 | AA90: {=_xlfn.IFS($W90=0,0,AND($W90>0,$W90<=0.5),2,AND($W90>0.5,$W90<=1),3,AND($W90>1,$W90<=1.5),4,AND($W90>1.5,$W90<=2),5,AND($W90>2,$W90<=3),6,AND($W90>3,$W90<=4),7,$W90>4,8)} -> 0 | AB90: {=_xlfn.IFS($X90=0,0,AND($X90>0,$X90<=0.5),2,AND($X90>0.5,$X90<=1),3,AND($X90>1,$X90<=1.5),4,AND($X90>1.5,$X90<=2),5,AND($X90>2,$X90<=3),6,AND($X90>3,$X90<=4),7,$X90>4,8)} -> 8 | AC90: {=_xlfn.IFS($Y90=0,0,AND($Y90>0,$Y90<=0.5),2,AND($Y90>0.5,$Y90<=1),3,AND($Y90>1,$Y90<=1.5),4,AND($Y90>1.5,$Y90<=2),5,AND($Y90>2,$Y90<=3),6,AND($Y90>3,$Y90<=4),7,$Y90>4,8)} -> 0 | AD90: 12.35 | AE90: 1.95 | AF90: =AD90+AE90 -> 14.3 | AG90: 2571 | AH90: Q2
A91: 88 | B91: กรุงเทพมหานครและปริมณฑล | C91: นนทบุรี | D91: หักเสาไฟฟ้า | E91: UG69/MSN/0002 | F91: ถนนรัตนาธิเบศร์ ช่วงที่ 2 (2 ฝั่งถนน) (สะพานพระนั่งเกล้า - ถนนกาญจนาภิเษก) | G91: 14 | H91: BKK1 | I91: 2571 | J91: 46690 | K91: 46811 | L91: Wait Duct (NT) | M91: ลงใต้ดิน | N91: yes | O91: =IF(N91="yes", IF(T91="60C",AD91*180000/2, IF(T91="144C",AD91*215000/2, IF(T91="216C",AD91*245000/2, 0) ) ), IF(T91="60C",AD91*180000, IF(T91="144C",AD91*215000, IF(T91="216C",AD91*245000, )))) -> 1429750 | P91: =IF(N91="yes",ROUNDUP(AD91,1)*9650*12/2,ROUNDUP(AD91,1)*9650*12) -> 770070 | Q91: Request | R91: 13.870321109909677, 100.47486087670299 | S91: 13.874347962981581, 100.40995062564704 | T91: 144C | X91: =AF91 -> 15.4 | Z91: {=_xlfn.LET( _xlpm.a,IF(ISNUMBER($U91),$U91,IFERROR(_xlfn.NUMBERVALUE(TRIM($U91)),0)), _xlpm.b,IF(ISNUMBER($V91),$V91,IFERROR(_xlfn.NUMBERVALUE(TRIM($V91)),0)), _xlpm.score,_xlfn.LAMBDA(_xlpm.x,_xlfn.IFS(_xlpm.x<0,0,_xlpm.x=0,0,_xlpm.x<=0.5,2,_xlpm.x<=1,3,_xlpm.x<=1.5,4, _xlpm.x<=2,5,_xlpm.x<=3,6,_xlpm.x<=4,7,_xlpm.x<=5,8,_xlpm.x>5,9)), _xlpm.score(_xlpm.a)+_xlpm.score(_xlpm.b))} -> 0 | AA91: {=_xlfn.IFS($W91=0,0,AND($W91>0,$W91<=0.5),2,AND($W91>0.5,$W91<=1),3,AND($W91>1,$W91<=1.5),4,AND($W91>1.5,$W91<=2),5,AND($W91>2,$W91<=3),6,AND($W91>3,$W91<=4),7,$W91>4,8)} -> 0 | AB91: {=_xlfn.IFS($X91=0,0,AND($X91>0,$X91<=0.5),2,AND($X91>0.5,$X91<=1),3,AND($X91>1,$X91<=1.5),4,AND($X91>1.5,$X91<=2),5,AND($X91>2,$X91<=3),6,AND($X91>3,$X91<=4),7,$X91>4,8)} -> 8 | AC91: {=_xlfn.IFS($Y91=0,0,AND($Y91>0,$Y91<=0.5),2,AND($Y91>0.5,$Y91<=1),3,AND($Y91>1,$Y91<=1.5),4,AND($Y91>1.5,$Y91<=2),5,AND($Y91>2,$Y91<=3),6,AND($Y91>3,$Y91<=4),7,$Y91>4,8)} -> 0 | AD91: 13.3 | AE91: 2.1 | AF91: =AD91+AE91 -> 15.4 | AG91: 2571 | AH91: Q2
A92: 89 | B92: กรุงเทพมหานครและปริมณฑล | C92: นนทบุรี | D92: หักเสาไฟฟ้า | E92: UG70/MSN/0002 | F92: ถนนแจ้งวัฒนะ ช่วงที่ 1 (2 ฝั่งถนน) (ท่าน้ำปากเกร็ด - ห้าแยกปากเกร็ด) | G92: 2.8 | H92: BKK2 | I92: 2571 | J92: 46660 | K92: 46811 | L92: Wait Duct (NT) | M92: ลงใต้ดิน | N92: no | O92: =IF(N92="yes", IF(T92="60C",AD92*180000/2, IF(T92="144C",AD92*215000/2, IF(T92="216C",AD92*245000/2, 0) ) ), IF(T92="60C",AD92*180000, IF(T92="144C",AD92*215000, IF(T92="216C",AD92*245000, )))) -> 571900 | P92: =IF(N92="yes",ROUNDUP(AD92,1)*9650*12/2,ROUNDUP(AD92,1)*9650*12) -> 312660 | Q92: Request | R92: 13.91521504752149, 100.49460184504767 | S92: 13.907504735008951, 100.50425781577174 | T92: 144C | X92: =AF92 -> 3.08 | Z92: {=_xlfn.LET( _xlpm.a,IF(ISNUMBER($U92),$U92,IFERROR(_xlfn.NUMBERVALUE(TRIM($U92)),0)), _xlpm.b,IF(ISNUMBER($V92),$V92,IFERROR(_xlfn.NUMBERVALUE(TRIM($V92)),0)), _xlpm.score,_xlfn.LAMBDA(_xlpm.x,_xlfn.IFS(_xlpm.x<0,0,_xlpm.x=0,0,_xlpm.x<=0.5,2,_xlpm.x<=1,3,_xlpm.x<=1.5,4, _xlpm.x<=2,5,_xlpm.x<=3,6,_xlpm.x<=4,7,_xlpm.x<=5,8,_xlpm.x>5,9)), _xlpm.score(_xlpm.a)+_xlpm.score(_xlpm.b))} -> 0 | AA92: {=_xlfn.IFS($W92=0,0,AND($W92>0,$W92<=0.5),2,AND($W92>0.5,$W92<=1),3,AND($W92>1,$W92<=1.5),4,AND($W92>1.5,$W92<=2),5,AND($W92>2,$W92<=3),6,AND($W92>3,$W92<=4),7,$W92>4,8)} -> 0 | AB92: {=_xlfn.IFS($X92=0,0,AND($X92>0,$X92<=0.5),2,AND($X92>0.5,$X92<=1),3,AND($X92>1,$X92<=1.5),4,AND($X92>1.5,$X92<=2),5,AND($X92>2,$X92<=3),6,AND($X92>3,$X92<=4),7,$X92>4,8)} -> 7 | AC92: {=_xlfn.IFS($Y92=0,0,AND($Y92>0,$Y92<=0.5),2,AND($Y92>0.5,$Y92<=1),3,AND($Y92>1,$Y92<=1.5),4,AND($Y92>1.5,$Y92<=2),5,AND($Y92>2,$Y92<=3),6,AND($Y92>3,$Y92<=4),7,$Y92>4,8)} -> 0 | AD92: 2.66 | AE92: 0.42 | AF92: =AD92+AE92 -> 3.08 | AG92: 2571 | AH92: Q2
A93: 90 | B93: กรุงเทพมหานครและปริมณฑล | C93: สมุทรปราการ | D93: หักเสาไฟฟ้า | E93: UG70/MSN/0003 | F93: ถนนสุขุมวิท ช่วงที่ 4 (2 ฝั่งถนน) (ถนนแพรกษา - ซอยเทศบาลบางปู 55) | G93: 8 | H93: BKK3 | I93: 2571 | J93: 46691 | K93: 46832 | L93: Wait Duct (NT) | M93: ลงใต้ดิน | N93: yes | O93: =IF(N93="yes", IF(T93="60C",AD93*180000/2, IF(T93="144C",AD93*215000/2, IF(T93="216C",AD93*245000/2, 0) ) ), IF(T93="60C",AD93*180000, IF(T93="144C",AD93*215000, IF(T93="216C",AD93*245000, )))) -> 684000 | P93: =IF(N93="yes",ROUNDUP(AD93,1)*9650*12/2,ROUNDUP(AD93,1)*9650*12) -> 440040 | Q93: Request | R93: 13.586939758868697, 100.60890623719303 | S93: 13.553833431509238, 100.61433951837395 | T93: 60C | W93: =AF93 -> 8.8 | Z93: {=_xlfn.LET( _xlpm.a,IF(ISNUMBER($U93),$U93,IFERROR(_xlfn.NUMBERVALUE(TRIM($U93)),0)), _xlpm.b,IF(ISNUMBER($V93),$V93,IFERROR(_xlfn.NUMBERVALUE(TRIM($V93)),0)), _xlpm.score,_xlfn.LAMBDA(_xlpm.x,_xlfn.IFS(_xlpm.x<0,0,_xlpm.x=0,0,_xlpm.x<=0.5,2,_xlpm.x<=1,3,_xlpm.x<=1.5,4, _xlpm.x<=2,5,_xlpm.x<=3,6,_xlpm.x<=4,7,_xlpm.x<=5,8,_xlpm.x>5,9)), _xlpm.score(_xlpm.a)+_xlpm.score(_xlpm.b))} -> 0 | AA93: {=_xlfn.IFS($W93=0,0,AND($W93>0,$W93<=0.5),2,AND($W93>0.5,$W93<=1),3,AND($W93>1,$W93<=1.5),4,AND($W93>1.5,$W93<=2),5,AND($W93>2,$W93<=3),6,AND($W93>3,$W93<=4),7,$W93>4,8)} -> 8 | AB93: {=_xlfn.IFS($X93=0,0,AND($X93>0,$X93<=0.5),2,AND($X93>0.5,$X93<=1),3,AND($X93>1,$X93<=1.5),4,AND($X93>1.5,$X93<=2),5,AND($X93>2,$X93<=3),6,AND($X93>3,$X93<=4),7,$X93>4,8)} -> 0 | AC93: {=_xlfn.IFS($Y93=0,0,AND($Y93>0,$Y93<=0.5),2,AND($Y93>0.5,$Y93<=1),3,AND($Y93>1,$Y93<=1.5),4,AND($Y93>1.5,$Y93<=2),5,AND($Y93>2,$Y93<=3),6,AND($Y93>3,$Y93<=4),7,$Y93>4,8)} -> 0 | AD93: 7.6 | AE93: 1.2 | AF93: =AD93+AE93 -> 8.8 | AG93: 2571 | AH93: Q3
A94: 91 | B94: กรุงเทพมหานครและปริมณฑล | C94: กรุงเทพมหานคร | D94: หักเสาไฟฟ้า | E94: UG70/MSN/0004 | F94: ถนนพระเทพตัดใหม่ (2 ฝั่งถนน) (ถนนกาญจนาภิเษก - คลองเนินทราย) | G94: 15.2 | H94: BKK1 | I94: 2571 | J94: 46752 | K94: 46869 | L94: Wait Duct (NT) | M94: ลงใต้ดิน | N94: yes | O94: =IF(N94="yes", IF(T94="60C",AD94*180000/2, IF(T94="144C",AD94*215000/2, IF(T94="216C",AD94*245000/2, 0) ) ), IF(T94="60C",AD94*180000, IF(T94="144C",AD94*215000, IF(T94="216C",AD94*245000, )))) -> 918000 | P94: =IF(N94="yes",ROUNDUP(AD94,1)*9650*12/2,ROUNDUP(AD94,1)*9650*12) -> 590580 | Q94: Request | R94: 13.754578506595195, 100.40585650135114 | S94: 13.747895639271968, 100.33551919117184 | T94: 60C | W94: =AF94 -> 12.48 | Z94: {=_xlfn.LET( _xlpm.a,IF(ISNUMBER($U94),$U94,IFERROR(_xlfn.NUMBERVALUE(TRIM($U94)),0)), _xlpm.b,IF(ISNUMBER($V94),$V94,IFERROR(_xlfn.NUMBERVALUE(TRIM($V94)),0)), _xlpm.score,_xlfn.LAMBDA(_xlpm.x,_xlfn.IFS(_xlpm.x<0,0,_xlpm.x=0,0,_xlpm.x<=0.5,2,_xlpm.x<=1,3,_xlpm.x<=1.5,4, _xlpm.x<=2,5,_xlpm.x<=3,6,_xlpm.x<=4,7,_xlpm.x<=5,8,_xlpm.x>5,9)), _xlpm.score(_xlpm.a)+_xlpm.score(_xlpm.b))} -> 0 | AA94: {=_xlfn.IFS($W94=0,0,AND($W94>0,$W94<=0.5),2,AND($W94>0.5,$W94<=1),3,AND($W94>1,$W94<=1.5),4,AND($W94>1.5,$W94<=2),5,AND($W94>2,$W94<=3),6,AND($W94>3,$W94<=4),7,$W94>4,8)} -> 8 | AB94: {=_xlfn.IFS($X94=0,0,AND($X94>0,$X94<=0.5),2,AND($X94>0.5,$X94<=1),3,AND($X94>1,$X94<=1.5),4,AND($X94>1.5,$X94<=2),5,AND($X94>2,$X94<=3),6,AND($X94>3,$X94<=4),7,$X94>4,8)} -> 0 | AC94: {=_xlfn.IFS($Y94=0,0,AND($Y94>0,$Y94<=0.5),2,AND($Y94>0.5,$Y94<=1),3,AND($Y94>1,$Y94<=1.5),4,AND($Y94>1.5,$Y94<=2),5,AND($Y94>2,$Y94<=3),6,AND($Y94>3,$Y94<=4),7,$Y94>4,8)} -> 0 | AD94: 10.2 | AE94: 2.28 | AF94: =AD94+AE94 -> 12.48 | AG94: 2571 | AH94: Q3
A95: 92 | B95: กรุงเทพมหานครและปริมณฑล | C95: กรุงเทพมหานคร | D95: หักเสาไฟฟ้า | E95: UG70/MSN/0005 | F95: ถนนรามคำแหง 2 (2 ฝั่งถนน) (แยกลำสาลี - ถนนร่มเกล้า) | G95: 22 | H95: BKK3 | I95: 2571 | J95: 46752 | K95: 46965 | L95: Wait Duct (NT) | M95: ลงใต้ดิน | N95: yes | O95: =IF(N95="yes", IF(T95="60C",AD95*180000/2, IF(T95="144C",AD95*215000/2, IF(T95="216C",AD95*245000/2, 0) ) ), IF(T95="60C",AD95*180000, IF(T95="144C",AD95*215000, IF(T95="216C",AD95*245000, )))) -> 1612500 | P95: =IF(N95="yes",ROUNDUP(AD95,1)*9650*12/2,ROUNDUP(AD95,1)*9650*12) -> 868500 | Q95: Request | R95: 13.762698172726616, 100.64561491034252 | S95: 13.81235267518258, 100.73685634680294 | T95: 144C | X95: =AF95 -> 18.3 | Z95: {=_xlfn.LET( _xlpm.a,IF(ISNUMBER($U95),$U95,IFERROR(_xlfn.NUMBERVALUE(TRIM($U95)),0)), _xlpm.b,IF(ISNUMBER($V95),$V95,IFERROR(_xlfn.NUMBERVALUE(TRIM($V95)),0)), _xlpm.score,_xlfn.LAMBDA(_xlpm.x,_xlfn.IFS(_xlpm.x<0,0,_xlpm.x=0,0,_xlpm.x<=0.5,2,_xlpm.x<=1,3,_xlpm.x<=1.5,4, _xlpm.x<=2,5,_xlpm.x<=3,6,_xlpm.x<=4,7,_xlpm.x<=5,8,_xlpm.x>5,9)), _xlpm.score(_xlpm.a)+_xlpm.score(_xlpm.b))} -> 0 | AA95: {=_xlfn.IFS($W95=0,0,AND($W95>0,$W95<=0.5),2,AND($W95>0.5,$W95<=1),3,AND($W95>1,$W95<=1.5),4,AND($W95>1.5,$W95<=2),5,AND($W95>2,$W95<=3),6,AND($W95>3,$W95<=4),7,$W95>4,8)} -> 0 | AB95: {=_xlfn.IFS($X95=0,0,AND($X95>0,$X95<=0.5),2,AND($X95>0.5,$X95<=1),3,AND($X95>1,$X95<=1.5),4,AND($X95>1.5,$X95<=2),5,AND($X95>2,$X95<=3),6,AND($X95>3,$X95<=4),7,$X95>4,8)} -> 8 | AC95: {=_xlfn.IFS($Y95=0,0,AND($Y95>0,$Y95<=0.5),2,AND($Y95>0.5,$Y95<=1),3,AND($Y95>1,$Y95<=1.5),4,AND($Y95>1.5,$Y95<=2),5,AND($Y95>2,$Y95<=3),6,AND($Y95>3,$Y95<=4),7,$Y95>4,8)} -> 0 | AD95: 15 | AE95: 3.3 | AF95: =AD95+AE95 -> 18.3 | AG95: 2571 | AH95: Q2
